h_0,h_1,x_0,x_1,x_2,x_3,y
1.6243453636632417,-0.6117564136500754,0.44952341496541154,-1.4159611641878702,-0.8052605215765225,1.0895376555968799,1.0125889500131664
-0.5281717522634557,-1.0729686221561705,1.5019656588249364,-1.040513958443424,-0.34531771405188566,-1.325548713281549,-1.6011403744196262
0.8654076293246785,-2.3015386968802827,1.680764699055709,-1.7266052243190715,-0.5897090907876666,0.20830162703469693,-1.4361310675556043
1.74481176421648,-0.7612069008951028,0.606694727304871,-1.6177716834754865,-0.8887949580861811,1.0015643493112911,0.9836048633213772
0.31903909605709857,-0.2493703754774101,0.041791849327981495,-0.358215968840977,-0.09637725693953277,0.25444223521651055,0.06966872057968848
1.462107937044974,-2.060140709497654,1.5766771546372114,-1.982861561668282,-0.8677919078594033,0.5967385759653224,-0.5980327724526799
-0.3224172040135075,-0.38405435466841564,0.7919744970344735,-0.39639338957837456,-0.1312895986379782,-0.7431257534507775,-0.7064715586819231
1.1337694423354374,-1.0998912673140309,0.9308401593975208,-1.577367544302059,-0.6400289503194341,0.7453052761868519,0.033878175021406554
-0.17242820755043575,-0.8778584179213718,1.318775093676726,-0.9111411990101961,-0.14903041949165519,-0.7559147663051912,-1.0502866254718075
0.04221374671559283,0.5828152137158222,-0.9205568491156566,0.9365091887262109,0.37989246863070697,0.26887591593782684,0.6250289604314151
-1.1006191772129212,1.1447237098396141,-0.8772928944531031,1.3980843599950803,0.32798213979432567,-0.8712630263394224,0.044104532626692894
0.9015907205927955,0.5024943389018682,-0.8323710398888634,0.44892190363530393,-0.08080659787506575,1.3262419818808264,1.4040850594946637
0.9008559492644118,-0.6837278591743331,0.5261803479487361,-1.1566844786142552,-0.4696240148378659,0.739549014180915,0.21712809009007872
-0.12289022551864817,-0.9357694342590688,1.3748244741975435,-0.9535321813609999,-0.13310274752611337,-0.7077739777116087,-1.058659659777717
-0.2678880796260159,0.530355466738186,-0.26805686284809443,0.8966571121424239,0.24018845577152367,-0.20887611598330197,0.2624673871121701
-0.691660751725309,-0.39675352685597737,0.8064133804726876,-0.4130058567853313,-0.3120159914321011,-1.2231065225321915,-1.0884142785812865
-0.6871727001195994,-0.8452056414987196,1.2865712963819003,-0.885658409512189,-0.39223430590946673,-1.4251140266468971,-1.532378341618319
-0.671246130836819,-0.01266459891890136,0.3589030356307821,0.14026929719364292,-0.1954389132468166,-1.0066672532064205,-0.6839107297557204
-1.1173103486352778,0.23441569781709215,0.06839309541690124,0.5089306254737664,-0.3164348920698973,-1.2901686542520985,-0.8828946508181856
1.6598021771098705,0.7420441605773356,-1.0893168789263366,0.35235915485810493,-0.2942819909164414,1.7495992017693518,2.401846337687206
-0.19183555236161492,-0.8876289640848363,1.3283278748291747,-0.9185421541548805,-0.15974619012155103,-0.7882076038306557,-1.0794645164464511
-0.7471582937508376,1.6924546010277466,-1.283517628609596,1.5778939222526358,1.2748468342933705,-0.38321167533405615,0.9452963072769089
0.05080775477602897,-0.6369956465693534,0.47660156288244776,-0.7182368557030911,-0.05208935671870358,-0.32112576834997314,-0.5861878917933244
0.19091548466746602,2.100255136478842,-2.0977141364130123,1.5446746741439459,2.4699420861775345,0.9944529560844376,2.2911706211463083
0.12015895248162915,0.6172031097074192,-0.9577177556154531,0.9377737919635207,0.36359770667358743,0.39954948394722545,0.7373620621890483
0.3001703199558275,-0.35224984649351865,0.16054782004113105,-0.49227695271507654,-0.11311568992485507,0.17668922179658902,-0.052079526537691156
-1.1425181980221402,-0.3493427224128775,0.7523329715872464,-0.3502029906341972,-0.5180632405166035,-1.6010682652249788,-1.4918609204350177
-0.2088942333747781,0.5866231911821976,-0.329575506847056,0.9601197075641424,0.30194203280275483,-0.09773600572711363,0.37772895780741955
0.8389834138745049,0.9311020813035573,-1.2775771975113328,0.8830610268749208,0.24914775739191528,1.458724628847223,1.7700854951780622
0.2855873252542588,0.8851411642707281,-1.2331179458711723,1.1042003877674154,0.4770067219405304,0.7572472632384114,1.1707284895249868
-0.7543979409966528,1.2528681552332879,-0.9682206811850408,1.4483071926098532,0.6163285034475048,-0.527030293092661,0.49847021423663507
0.5129298204180088,-0.29809283510271567,0.09825987614075696,-0.516128732645608,-0.202309117450908,0.49146226764067796,0.21483698531529316
0.48851814653749703,-0.07557171302105573,-0.1619684226475144,-0.1798552482681217,-0.1278508910852503,0.5721046491196773,0.41294643351644134
1.131629387451427,1.5198168164221988,-1.7651020903775676,1.0178750757057202,0.7977098661871539,1.9068771676451337,2.6514462038736255
2.1855754065331614,-1.3964963354881377,1.1735693286629736,-2.189196529292258,-1.1755001263214593,0.5090659732758632,0.7890790710450237
-1.4441138054295894,-0.5044658629464512,0.9273388910770345,-0.5472694352441829,-0.6976451203841415,-1.7980444326356049,-1.9485796683760408
0.16003706944783047,0.8761689211162249,-1.2243380788763492,1.1551724094768383,0.5301296566909001,0.5728398605586632,1.0362059905640555
0.31563494724160523,-2.022201215824003,1.5584451621737574,-1.4514034099374782,-0.31402552618300833,-0.40454971657987854,-1.7065662685823977
-0.3062040126283718,0.8279746426072462,-0.5815105117916868,1.1907235337499023,0.42143727551501525,-0.12790520357299634,0.5217706299788744
0.2300947353643834,0.7620111803120247,-1.1098524153681817,1.0284608864584335,0.40856610023974943,0.624883281474451,0.9921059156764082
-0.22232814261035927,-0.20075806892999745,0.5802249725375549,-0.1412071789516659,-0.036646683065733994,-0.5095542675250778,-0.42308621154035675
0.1865613909882843,0.4100516472082563,-0.7287135579264382,0.6633447595583001,0.21405317681542266,0.39761302527943787,0.5966130381965407
0.19829972012676975,0.11900864580745882,-0.39153532122219054,0.24801163211264482,0.07941781870552121,0.26917563350681867,0.31730836593422856
-0.6706622862890306,0.3775637863209194,-0.09668537748534738,0.7068259485241579,-0.03539844207530054,-0.809471298373209,-0.29309849996811116
0.12182127099143693,1.1294839079119197,-1.4591712379180077,1.334186070403636,0.7832267792448178,0.6182903979595556,1.2513051789033567
1.198917879901507,0.18515641748394385,-0.46919064873566857,-0.11446928856295706,-0.37633062913173,1.3870525247716223,1.384074297385451
-0.3752849500901142,-0.6387304074542224,1.0735696983729772,-0.6966482387902069,-0.20865546296111495,-0.9379207560550962,-1.0140153575443365
0.4234943540641129,0.07734006834855942,-0.34245009730297465,0.081725204283296,-0.04460943390785161,0.5637999096304749,0.5008344224126723
-0.3438536755710756,0.04359685683424694,0.2924736716499636,0.22562483934540228,-0.018409040164578495,-0.5575642671826013,-0.30025681873682863
-0.6200008439481293,0.6980320340722189,-0.44842499582275336,1.0749546264814924,0.1757920956952453,-0.5980112367005508,0.07803119012408966
-0.4471285647859982,1.2245077048054989,-0.9448860871546818,1.4360015112074713,0.7311199501106653,-0.1644316161462616,0.7773791400195007
0.4034916417908,0.593578523237067,-0.9322280162512034,0.7819923852790538,0.21248520050246808,0.7911678956653543,0.9970701650278669
-1.0949118457410418,0.1693824330586681,0.14440539521296933,0.4141639668841022,-0.33262941675591773,-1.3081410920341956,-0.9255294126823738
0.7405564510962748,-0.9537006018079346,0.7967828393472367,-1.3068145122871209,-0.43290945173795903,0.4616960268414595,-0.21314415071165982
-0.26621850600362207,0.03261454669335856,0.3054376621041856,0.2089792954725971,0.015109725939392027,-0.45387960907488656,-0.2336039593102635
-1.3731173202467557,0.31515939204229176,-0.02516559416334624,0.6226342835478952,-0.40358647769507305,-1.3702577245993317,-1.057957928204464
0.8461606475850334,-0.8595159408319863,0.7056227358848006,-1.2864408459792842,-0.4708650148483868,0.6103094554236917,-0.013355293246952948
0.35054597866410736,-1.3122834112374318,1.1087047497036302,-1.3146045577827639,-0.2844526548382731,-0.16185526048905352,-0.9617374325733243
-0.038695509266051115,-1.6157723547032947,1.9225941112703189,-1.2430477010632954,-0.1581640288336914,-0.820223260722867,-1.6544678639693458
1.121417708235664,0.4089005379368278,-0.7274096664657144,0.23156406676413613,-0.23672427616031416,1.4527835056524518,1.5303182461724918
-0.024616955875778355,-0.7751616191691596,1.2160775599808233,-0.8270138984282652,-0.06261133579404358,-0.49469259312173386,-0.799778575044938
1.2737559301587766,1.9671017492547347,-2.033339933441234,1.0328477041706243,1.6033080871161636,2.0980111440216622,3.2408576794135113
-1.857981864446752,1.2361640304528203,-0.954520859796045,1.4411306974158828,0.0652311190943083,-0.9376683289029396,-0.6218178339939318
1.6276507531489064,0.3380116965744758,-0.6465586887323871,-0.09530771578603074,-0.5154214925397334,1.562070490431728,1.965662449723382
-1.199268032335186,0.8633453175440216,-0.6166184031071674,1.2189414356599082,0.019304191897046172,-1.0431706154205471,-0.33592271479116453
-0.18092030207815046,-0.6039206277932573,1.03618963606516,-0.6599139464147756,-0.10871780800234204,-0.6463594212734181,-0.7848409298714077
-1.2300581356669618,0.5505374959762154,-0.2902302375317298,0.9198355023594377,-0.21140983418715129,-1.1998052166243496,-0.6795206396907464
0.7928068659193477,-0.6235307296797916,0.4621813114321576,-1.0456957363571269,-0.40697655370819075,0.6615688265630719,0.16927613623955606
0.5205763370733708,-1.1443413896231427,0.9697433583983736,-1.3185183700568357,-0.3496455304251796,0.12535527125955423,-0.6237650525497719
0.8018610318713447,0.04656729842414554,-0.3061468802385331,-0.13895684959596408,-0.23791394759811255,1.002328744450259,0.8484283302954903
-0.18656977190734877,-0.10174587252914521,0.46399349346087404,0.0055838005294141105,0.009435809006868273,-0.4077375373891736,-0.288315644436494
0.8688861570058679,0.7504116398650081,-1.0979405254234846,0.7240162026324696,0.09257374391965509,1.410235953949381,1.619297796870876
0.5294653243527092,0.13770120999738608,-0.41351806857297135,0.12349246983114885,-0.07285437256794385,0.7333874123776802,0.6671665343500953
0.07782112791270591,0.6183802619985245,-0.9589831915182563,0.9585081736125072,0.38472603515237824,0.3379126638650775,0.6962013899112304
0.23249455917873788,0.6825514068644851,-1.027274730211731,0.9528516495982868,0.35193474491918203,0.5927108272293364,0.915045966043223
-0.31011677351806,-2.434837764107139,2.3251981994605853,-1.3352694594305319,-0.32653761763591077,-1.3872360045288,-2.744954537625199
1.038824601859414,2.1869796469742577,-2.136192676341059,1.1614478775600228,2.3124630417219563,2.0030395789771194,3.225804248833672
0.44136444356858207,-0.10015523328349978,-0.13299468983209742,-0.19517785807215357,-0.11277582194788027,0.49739899445155233,0.3412092102850823
-0.13644474389603303,-0.11905418777480989,0.48437016297525914,-0.020369996638856327,0.028320252006429698,-0.3435100115122063,-0.2554989316708429
0.0174094083000046,-1.1220187287468883,0.9503163034333342,-1.0753830057241929,-0.10490367040045143,-0.5747327184435699,-1.1046093204468836
-0.5170944579202279,-0.997026827650263,1.4325895691668709,-0.9946216467535143,-0.3308369352952879,-1.2814548924109084,-1.5141212855704909
0.2487991613877705,-0.29664115237086275,0.09658296620052481,-0.39253485598351395,-0.07474874344164306,0.13130046496644351,-0.04784199098309225
0.4952113239779604,-0.17470315974250095,-0.04538730068005399,-0.3309587481210897,-0.1607361104258561,0.5305249822125389,0.32050816423545947
0.986335187821242,0.21353390133544178,-0.502369635622979,0.02478244908604296,-0.2622177749078513,1.2572463693885338,1.1998690891566837
2.1906997289697334,-1.8963609228910925,1.4940670578755637,-2.299830293486058,-1.2109658246446686,0.3664387718032712,0.29433880607864094
-0.646916688254908,0.901486891648711,-0.653914436511073,1.247847809179217,0.31654199566386254,-0.5413924296840037,0.254570203393803
2.528325706806398,-0.24863477771546005,0.040936527344101074,-1.3740583319341506,-1.1600879010273923,0.6413738988295388,2.279690929090938
0.043668993178389105,-0.22631424251360518,0.014947176306393705,-0.19838040115698025,0.042391227626214355,-0.1325136743593125,-0.1826452493352161
1.3314571125875918,-0.2873078634760189,0.08579313651083266,-0.8778370977826141,-0.5937513716813888,1.2064754409977219,1.044149249111573
0.6800698398781045,-0.3198015988986712,0.12329286120541061,-0.6230553186250152,-0.2882000510970825,0.6845307244494581,0.36026824097943333
-1.2725587552459943,0.31354772046343216,-0.023308666011631205,0.6204146150175095,-0.35590954657379026,-1.3346454391514053,-0.9590110347825621
0.5031848134353261,1.2932258825322618,-1.5959120575060932,1.2332201391095652,0.786167128581391,1.209686835545412,1.7964106959675878
-0.11044702641731631,-0.6173620637123609,1.0506699092856184,-0.6742657876018106,-0.07725472051592137,-0.5497058768188597,-0.7278090901296772
0.5627610966190263,0.24073709223773224,-0.5340819378609425,0.25897573572995075,-0.046668533097131946,0.8273896998116426,0.8034981888567585
0.28066507712263905,-0.07311270374727777,-0.16486819511672593,-0.08047250778717879,-0.02698326970238296,0.2894746297215401,0.20755237337536128
1.1603385699937696,0.36949271637572373,-0.6825939497294052,0.1620553490896545,-0.2751819370771873,1.4573952393842835,1.5298312863694934
1.9046587083409812,1.1110566985605046,-1.443028290336026,0.5038550033982204,-0.09446642788144308,1.8265150690945668,3.015715406901486
0.6590497961002102,-1.6274383406162574,1.3350708867545433,-1.548957018164064,-0.4576834291009942,0.1374949454768298,-0.9683885445160472
0.602319280295629,0.42028220364705954,-0.7402885552674511,0.4851115023690978,0.019093103876519146,0.9650949544447519,1.0226014839426885
0.8109516728035557,1.0444420947072588,-1.3834184141532928,0.9696247468566108,0.3658653577322036,1.4763034749965909,1.8553937675108145
-0.40087819178892664,0.8240056184504077,-0.5775401810077451,1.187470975088958,0.372772916371196,-0.2606709710633647,0.423127426661481
-0.5623054310190898,1.9548780750090344,-1.4319813314167849,1.6177201046598941,1.9164696083835797,-0.10304783517449388,1.3925726439899446
-1.3319516665172482,-1.7606885603987834,2.0127402554518583,-1.271236890953662,-0.7900329842963758,-2.2361651658202772,-3.0926402269160316
-1.6507212658241002,-0.8905555841630485,1.3311817204822294,-0.9207391134633127,-0.8626955856313873,-1.979361020191948,-2.5412768499871485
-1.119115398559728,1.956078903703642,-1.4325972763823427,1.617860403697319,1.6512086463392956,-0.6438719596027686,0.8369635051439139
-0.32649949807818424,-1.342675789377436,1.7276004165756997,-1.164580489321404,-0.27560445655076315,-1.1524252918493922,-1.6691752874556203
1.114382976779792,-0.5865239388215925,0.4222490851627386,-1.1539568048604159,-0.5549846654658274,0.9523272503289897,0.5278590379581994
-1.2368533765413974,0.8758389276492995,-0.6288999242380662,1.2285820658035316,0.011308923726333162,-1.0570376568808335,-0.3610144488920979
0.6233621765780327,-0.4349566829552277,0.25451520214441675,-0.7489364691696971,-0.28767047819461633,0.5613876492416141,0.188405493622805
1.4075400002412286,0.12910157971072544,-0.40340804623028476,-0.29349215632792947,-0.49903140066730023,1.4399440779443045,1.536641579951954
1.6169495988573002,0.5027408819999043,-0.8326445366384037,0.11994946322385135,-0.42515698731234197,1.6431529799876057,2.1196904808572046
1.5588055406198593,0.10940269642542817,-0.38022882999457025,-0.3925953186477927,-0.5793980133575864,1.4494662785423669,1.6682082370452875
-1.2197443969790327,2.4493686490613973,-1.6423550450779625,1.6549102972853762,3.131320879866243,-0.6113961247754184,1.2296242520823646
-0.5457741679825677,-0.19883786288889674,0.5779799301402703,-0.1384058491642869,-0.1918724828516875,-0.9493068140245468,-0.7446120308714644
-0.7003985049212547,-0.20339444896455844,0.5833066389523719,-0.1450498388682878,-0.26759659561793553,-1.1367654082504293,-0.9037929538858132
0.24266944108179458,0.20183017887400403,-0.4886970087887718,0.3500575788582033,0.09101930247106348,0.37498869827144304,0.4444996199557986
0.6610202875986929,1.792158208975567,-1.9383608008785562,1.2911382094601704,1.509401228232724,1.5518083208618636,2.45317849657426
-0.12046457178850745,-1.2331207354464266,1.6399071648509655,-1.1208178814268717,-0.16613720177978664,-0.8185651491059647,-1.3535853072349342
-1.1823181265096336,-0.6657545181991266,1.1023143692349042,-0.724191480317055,-0.6020622433389377,-1.775363194271158,-1.8480726447087603
-1.674195807618932,0.8250298244389859,-0.5785653139012996,1.1883119741432917,-0.23961464691571405,-1.1524078578512458,-0.8491659831799462
-0.4982135636310781,-0.3109849783028509,0.7082508482941178,-0.2978972469372293,-0.19844510297206908,-0.9446524234995857,-0.8091985419339289
-0.0018914828380037015,-1.396620424595432,1.7687771484278876,-1.183258853934348,-0.12393474854933431,-0.6995625555546265,-1.3985119074334356
-0.861316360776042,0.6747115256879723,-0.4238913370732773,1.0521156531627365,0.043880688314258516,-0.8708384019521211,-0.1866048350880697
0.6185391307862932,-0.44317193070063776,0.26376344696796217,-0.7570606837267042,-0.28714302502431577,0.5516082061438351,0.17536720008565543
1.8105349141254563,-1.3057269225577375,1.1035194570959208,-1.9840871141222984,-0.986925309169064,0.7673328226151162,0.5048079915677188
-0.34498721015497946,-0.23083974313546946,0.6153366380058464,-0.18480282379320184,-0.10393225509071197,-0.69840817678478,-0.575826953290449
-2.79308500014654,1.9375288136160798,-1.4230200706096894,1.6156565745641598,0.8010359480372041,0.175962908335943,-0.8555561865304604
0.36633201454005826,-1.0445893819077916,0.8812189991177943,-1.1926102503978728,-0.2640451325010867,-0.0419077777797686,-0.6782573673677333
2.0511734428574444,0.5856620001723825,-0.9236472441980607,0.014950128871076268,-0.5858122491719758,1.5169197546954045,2.6368354430298266
0.4295261400219645,-0.6069983982000461,0.44439574092241213,-0.8609214026756351,-0.22900598293740457,0.23249460190376123,-0.1774722581780816
0.1062227240352178,-1.5256803162293577,1.2668399538887547,-1.2701946915628353,-0.18433158401582395,-0.580466645283444,-1.41945759219414
0.7950260944248447,-0.37443831884322065,0.18590328039814472,-0.7496460207786648,-0.3566485893640068,0.783039590036504,0.4205877755816241
0.13404819655462313,1.2020548621997058,-1.5212686402964335,1.364134079902638,0.8562799794850262,0.6629766039112216,1.336103058754329
0.28474811084905793,0.2624674454632686,-0.5593406607064961,0.4179200412234868,0.09668486387705214,0.4654204167819239,0.5472155563123265
0.27649930482218366,-0.7332716038953129,0.5779148557338297,-0.916549612951682,-0.17722833910948957,-0.03684145908490262,-0.4567722990731292
0.8360047194342688,1.5433591108044837,-1.7813556764050533,1.1600433696257477,0.9769838472211533,1.6730898443138462,2.3793638302387525
0.7588056600979309,0.8849088144648833,-1.232890989538602,0.8862115911359492,0.24893265669076814,1.3569238715560186,1.6437144745628143
-0.8772815189181883,-0.8677872228729256,1.3088879643325964,-0.90340499904294,-0.48703369291910814,-1.633491998091908,-1.745068741791114
-1.44087602429184,1.232253070828436,-0.9512950345128616,1.4394209626506858,0.2615381718384921,-0.9870721822142314,-0.20862295346340387
-0.2541798676073683,1.3998439424809859,-1.0833000427803166,1.5033031579332685,1.0450693351482678,0.1623328014492958,1.1456640748736175
-0.7819116826868007,-0.437508982828581,0.8525048034725187,-0.4652359785443936,-0.3645809372962539,-1.3416188502312412,-1.2194206655153816
0.0954250871912577,0.9214500686595114,-1.2683127868416737,1.218438862564353,0.5989546133078755,0.4972307371661203,1.0168751558507692
0.060750195799506745,0.21112475500771674,-0.4995565618388522,0.4473147752805854,0.18249753943551633,0.1145990564288754,0.27187495080722346
0.01652756730561561,0.17718772027596041,-0.45985742634975524,0.41805537239174295,0.18982412464563517,0.032253273525616515,0.19371528758157602
-1.1164700178847444,0.0809271009732786,0.24843530856059026,0.2820623175274351,-0.37700308162662094,-1.3672871329793992,-1.0355429169114658
-0.18657899351146628,-0.0568244808858473,0.4110324621782343,0.07333133027124555,0.023498806105143006,-0.38490583328948574,-0.24340347439731358
0.4923365559366488,-0.6806781410088858,0.5229675484827093,-0.9656492271858639,-0.2723746708495988,0.2816250131918303,-0.18834158507223697
-0.0845080274046298,-0.2973618827735036,0.6925301777183938,-0.2790202412170162,0.00418583830643003,-0.3571152678702255,-0.38186991017813343
0.41730200497486253,0.7847706510155895,-1.133078624735263,0.9622931552995133,0.33513344873439255,0.8964981801836662,1.202072655990452
-0.9554252623736892,0.5859104311026156,-0.3288021999384624,0.9593385251648527,-0.05799200062480655,-0.9972585219096718,-0.36951483127107354
2.0657833202188343,-1.471156925832625,1.2283895277379877,-2.157139415077113,-1.123847585755439,0.5785200652633601,0.5946263943862093
-0.8301718953151139,-0.8805775998441709,1.3214375569469963,-0.9132111993153745,-0.4661563684624058,-1.5932115106229952,-1.710749495159285
-0.27909772154329027,1.622849085954001,-1.2393103542423727,1.5635913616656136,1.3764240154632292,0.19414920950992964,1.3437513644107106
0.013352676347176594,-0.6946935952872263,0.537705764632511,-0.7588866355010762,-0.04410340560314416,-0.40273779942807425,-0.6813409189400497
0.6218035043055724,-0.5998045310708474,0.43662932926185033,-0.941681355874139,-0.32026542491982496,0.4809625273233163,0.021998973234724994
1.1234121620219353,0.30526704024401075,-0.6088751961200962,0.09189081499658887,-0.28791116723933236,1.402929122582842,1.428679202265946
1.3887793963702684,-0.6613442431530187,0.5025254528109884,-1.3589833909752635,-0.7007158974989602,1.0444070288951317,0.7274351532172497
3.0308571123720305,0.8245846250334574,-1.1732343775150216,-0.20709911582159385,-0.8932733468067228,0.4786970593922115,3.8554417374054877
0.6545801525867004,-0.05118844760766421,-0.19073274616753208,-0.21942948913305743,-0.20006204002928069,0.790435296634347,0.6033917049790363
-0.7255971191344275,-0.8677686776235903,1.3088697203440398,-0.9033906523561323,-0.4139858474880269,-1.4778751869634124,-1.5933657967580177
-0.13597732610058932,-0.7972697854931297,1.2385319475122831,-0.8461192780944171,-0.11965214190158635,-0.6681389730314693,-0.933247111593719
0.28267571224842025,-0.8260974318473202,0.6724147034740486,-1.0003142347681377,-0.19463611290011507,-0.06884183594432765,-0.5434217195989
0.6210827008390084,0.9561217041246964,-1.3014110879962286,1.0007130399540054,0.3758700547230543,1.2298123427925844,1.5772044049637048
-0.7058405074022839,1.1926860677546935,-0.9182704629867525,1.4214772054889546,0.570411314830935,-0.49517811548773255,0.48684556035240967
-0.23794193575218264,1.1552878860882252,-0.8864072769172098,1.4033964769090674,0.7547227090022971,0.10064785174784335,0.9173459503360426
0.4381663472912375,1.1223283216570923,-1.4529206200153353,1.184836433378085,0.6234096108468337,1.0624860554483317,1.5604946689483299
-0.9970197955296825,-0.10679398677922511,0.4699385060385018,-0.0019959369441812213,-0.3823865743548438,-1.376189338523095,-1.1038137823089076
1.4514292605909354,-0.6180368476815788,0.4562807049218854,-1.3430459152307495,-0.7231420394971311,1.0782353011583339,0.8333924129093565
-2.037201225680795,-1.9425891814764555,2.1135417785653132,-1.2972822053157067,-1.1393457440988108,-2.1638919054180112,-3.9797904071572505
-2.506440652676061,-2.114163921916826,2.1968449971770276,-1.3147782121744163,-1.3729729374102173,-1.7571678364555485,-4.620604574592887
-0.41163916318848254,1.2785280828417218,-0.9890190062248212,1.4589419459115658,0.8122273634172279,-0.0977678838515228,0.8668889196532392
-0.4422292795131728,0.3235273536014321,-0.034799384622480195,0.6341237654229515,0.04859600246777176,-0.5504749792914462,-0.11870192591174072
-0.10999149016360682,0.008548945436024693,0.33385276409353076,0.172467690833628,0.08201517744638513,-0.23983389748265296,-0.10144254472758213
-0.16819883974471597,-0.1741803443079907,0.5491146084713627,-0.10225252197933352,-0.003110985791652236,-0.41776431232090405,-0.3423791840527067
0.46116409997701746,-1.1759826714413153,0.9968981680866182,-1.3068211877470834,-0.3243967997613445,0.036311997890455416,-0.7148185714642978
1.0101271773347245,0.9200179332477632,-1.2669348701477257,0.7963916730469839,0.1572512505782111,1.6060728456214155,1.9301451105824876
-0.19505734087590118,0.8053934242321815,-0.5588400590180723,1.1719840444131813,0.4576391817863871,0.02116749841968994,0.6103360833562803
-0.7013444262571769,-0.5372230238753384,0.9635111354532538,-0.5856126784143526,-0.34655282715342617,-1.3018361671056073,-1.2385674501325152
0.15626385027008327,-0.1902210250848615,-0.027214414264714975,-0.19773453210588335,-0.0018952247922584982,0.050952915805712096,-0.033957174814778224
-0.44873803267162277,-0.6724480387865963,1.109395956074956,-0.7308817412484772,-0.24996114768818367,-1.0527006127822138,-1.1211860714582191
-0.5574947217860433,0.9391687441964878,-0.6901755657732409,1.2748950276630828,0.39166748159976117,-0.4170138468018208,0.38167402241044446
-1.9433234056683528,0.352494364369333,-0.06804653169868156,0.6734262816604529,-0.6605034574900347,-1.2792646964217071,-1.5908290412990198
-0.2364369518129867,0.7278134999996488,-0.47947714082920634,1.103200513159895,0.38109520794580215,-0.07272481104645044,0.4913765481866621
0.5150736136393657,-2.7825344676529227,1.835318952498704,-1.5838920688790112,-0.4339585292752511,-0.25507378990842894,-2.267460854013557
0.5846466104774262,0.32427424344842104,-0.6307732492816277,0.36604469699564157,-0.019636537464223995,0.8962299056924528,0.9089208539258472
0.02186283662655242,-0.46867381627789134,0.29236536136502095,-0.5140804660384006,-0.005286786612808878,-0.2843491081795922,-0.4468109796513389
0.8532812219556223,-0.4130293097110322,0.22975166110696812,-0.8268141669389463,-0.39352614423467513,0.822518368493076,0.4402519122445901
1.8347176266496867,0.5643828554943137,-0.9004872325303036,0.09098292470490264,-0.49439456419409716,1.622879736275239,2.3991004821440005
2.1378280674394823,-0.7855339969202355,0.631520874598205,-1.8200479613775642,-1.0818613607291512,0.7821425493355396,1.3522940705192468
-1.7559256402328518,0.7147895974858154,-0.4659364961672912,1.0909749040308143,-0.3597119780119104,-1.183652339273037,-1.0411360427470364
0.8527040617252863,0.03536009705475734,-0.2929181671695876,-0.17934148705366557,-0.26635568749606114,1.047415003682579,0.8880641587800436
-1.5387932457446432,-0.4478951847161186,0.8641877494076169,-0.47827430233680945,-0.731326432483534,-1.7818763894110072,-1.9866884304607617
0.6179855339203347,-0.18417632565374534,-0.03429026855961995,-0.401395232981555,-0.22254296025834394,0.6795097030704813,0.4338092082665894
-0.11598518547239624,-0.1754589686617526,0.5506130254654003,-0.10413520065681615,0.02166914764694187,-0.3421254629249483,-0.2914441541341488
-0.9339146556265013,-0.5330203260835993,0.9588872701801887,-0.5807606567436218,-0.4577152172627681,-1.534105560025837,-1.4669349817101005
-1.426555420520532,1.7679599483110264,-1.3291329015799296,1.591442974989316,1.0921064996681809,-0.8212008695802695,0.34140452779049446
-0.4753728751379821,0.47761018181755727,-0.2095675850728847,0.8339303008451328,0.11067351104730819,-0.5189482813169375,0.0022373066795751684
-1.0218859446413093,0.7945282396010823,-0.5478617067082723,1.1627635365878348,0.051274968105198326,-0.9566926119062833,-0.227357705040227
-1.8731609776353015,0.9206151180549562,-0.6723949340151285,1.2617625533836825,-0.25784357655211465,-1.0528559180595667,-0.9525458595803453
-0.03536792487871091,2.1106050536007097,-1.5073310232906865,1.6334545343665454,2.5736530355184044,0.6642052320136463,2.075237128721999
-1.3065340728440185,0.076380480159592,0.2537959995498629,0.27520359657907106,-0.4701976829699478,-1.4680950162767004,-1.2301535926844265
0.3672318138838647,1.2328991923762371,-1.546943059684233,1.270674409497719,0.779313978917278,1.0067352733117798,1.600131006260102
-0.4228569613907754,0.08646440652428741,0.24190788775367364,0.29040869107098877,-0.04094564825557917,-0.6438735934476993,-0.336392554866488
-2.1424667290773685,-0.830168864022708,1.2715986762212377,-0.873530787093089,-1.0908407985400064,-1.7236752968757818,-2.9726355931000765
0.45161595055524156,1.1041743263032135,-1.4369603481147495,1.168955930977896,0.5981994620112095,1.0735213169965445,1.555790276858455
-0.28173626906561283,2.0563555231982935,-1.482100773879633,1.6285018389971135,2.3072875926001086,0.2951358759366874,1.7746192541326806
1.7602492264490932,-0.06065249177480989,-0.1795656512771954,-0.7426682605491085,-0.735542070832089,1.336604476864975,1.6995967346742833
-2.4135030011737877,-1.7775663758059874,2.022660667894806,-1.274049459884529,-1.3118406616084568,-1.7885228036048004,-4.191069376979775
-0.7778588266274128,1.1158411079241686,-0.8521195237039106,1.3830859071909651,0.45309382512439755,-0.6020648910996147,0.3379822812967558
0.3102722877837673,-2.094247816222812,1.5926168862936738,-1.4558447248907138,-0.31456190126457473,-0.4268210429617704,-1.7839755284390448
-0.22876582887016242,1.6133613745631155,-1.2331219453112878,1.5614948131250173,1.3844416837087519,0.26338279190958597,1.384595545692953
-0.3748046873026527,-0.7499696172756662,1.1902668675761372,-0.804564369099473,-0.22726448741449243,-0.9875992032468005,-1.124774304578319
2.054624102518116,0.05340953679834792,-0.31422165152984904,-0.7052199887129266,-0.8387568924006737,1.2516786155216717,2.1080336393164636
-0.4791570987860799,0.3501671588282789,-0.06538148273162038,0.6702963481223413,0.043460190956824775,-0.5861054426359004,-0.128989939957801
0.017164726374088564,-0.42914227823509377,0.2479598301707107,-0.46255195014686373,0.0055296937346407905,-0.27212787379574327,-0.4119775518610052
1.208456328551963,1.1157018027844863,-1.4471118235775606,0.8267824760312763,0.2455909920578923,1.8139383983944124,2.324158131336449
0.8408615581411037,-0.1028872175735376,-0.1297768581508644,-0.3831631434839087,-0.3059944826919177,0.9654641506823713,0.7379743405675662
1.146900376399483,-0.04970257915867584,-0.1924862544050466,-0.4437854412493659,-0.43666509816722393,1.2379471990626272,1.0971977972408071
0.46664326722884075,1.033686867939501,-1.3736117053983978,1.1216472319579285,0.5213658530199272,1.066079417029975,1.5003301351683418
0.8088443602656821,1.7897546832062712,-1.9369698340386128,1.2227132783302255,1.4333306191941382,1.712936489196679,2.5985990434719533
0.4512840160401709,-1.6840599858682372,1.37107800313079,-1.4649997197150615,-0.3612970052440121,-0.13818485342077527,-1.2327759698280665
-1.1601701049822761,1.350106818681726,-1.0454552256221374,1.4862430122591253,0.5420952954666773,-0.836191981590127,0.18993671369944987
-0.3312831699326283,0.3865391451330911,-0.10690659405791693,0.7186395614704466,0.13249105684837126,-0.36778148873054034,0.055255975200462826
-0.8514556565308268,1.000881423680301,-0.748275178655479,1.3160661350537344,0.30529979587487005,-0.7213773597826306,0.1494257671494742
-0.38483224883279044,1.4581082386095199,-1.1262084904585468,1.521467157903029,1.0646076533281905,-0.0021191287298097093,1.0732759897767294
-0.5322340208981775,1.1181333967176956,-0.8541310088698305,1.3843020668700454,0.5737512792773566,-0.31440425918079484,0.5858993758195181
0.6743961048208689,-0.7223919054141509,0.5666291003941762,-1.0895634140910802,-0.36705861353116903,0.48676826078130525,-0.04799580059328201
1.0989963327471792,-0.901634490475998,0.7468388658521679,-1.434820317301515,-0.5985394956143362,0.8021471940261926,0.19736184227118125
-0.8224671889042517,0.7217112921126926,-0.47314041231717074,1.0974968274088936,0.09461644179212808,-0.8114029023532541,-0.10075589679155916
-0.625342001465988,-0.5938430672545096,1.0252956729942133,-0.649016177944954,-0.3208568876168583,-1.2401143239181072,-1.2191850687204977
-0.3439007092103924,-1.0001691898725158,1.4355097585326955,-0.9966290999855627,-0.24782607807309667,-1.0506855531681707,-1.3440698990829083
1.0449944096738975,0.6085146984848496,-0.9483639910089209,0.5028351997807157,-0.08720223464291413,1.4952572239739852,1.653509108158747
-0.06932869669048287,-0.10839206717353982,0.4718201873117383,-0.004393774692644491,0.06386631636607334,-0.23957143093869587,-0.1777207638640227
0.45015551276717897,1.7653351005190716,-1.9227019805217431,1.3838055390707358,1.5570960214761658,1.2811088170445826,2.2154906132862506
0.8709698025322423,-0.5084571342754007,0.33664769405226375,-0.9528962141086474,-0.42245694177164694,0.7934005421856128,0.3625126682568416
0.7774192052488628,-0.11877117210308928,-0.11107747990861933,-0.37777764808708725,-0.280262512440998,0.8927826356481093,0.6586480331457735
-0.19899818380372442,1.8664713751521251,-1.385085902078521,1.6064514428070082,1.8888515028328239,0.37186954347431467,1.6674731913484007
-0.41893789767812306,-0.47918491512740585,0.8992205491848078,-0.516863951824192,-0.19872053951529167,-0.9221297162397002,-0.898122812805529
-1.9521052872452325,-1.4023291454531368,1.7730574659942946,-1.1851336047170622,-1.0635579959831298,-2.0686657241958764,-3.354434432698369
0.4511229387345986,-0.6949209011852391,0.5379442278115715,-0.9606043060433356,-0.2549547055265757,0.2209787627649308,-0.2437979624506405
0.515413801783241,-1.1148710523659369,0.9440488480039745,-1.3008216603071887,-0.34393113098367645,0.12981821688118678,-0.5994572505826958
-0.7673098263317347,0.6745707069560037,-0.423742621124239,1.051975814230212,0.08905680061243157,-0.7756975375916688,-0.09273911937573098
1.460892380463078,0.5924728014240198,-0.9310306880174553,0.2940877893961293,-0.29739535304747255,1.6782586779262936,2.0533651818870977
1.197830841721251,1.7045941713724069,-1.8861289876640521,1.028865157632991,1.0803125618097402,1.997674092419714,2.9024250130936577
1.0400891531540952,-0.918440038300026,0.7630823660934312,-1.4199494341528476,-0.572465064918429,0.7533645108778602,0.12164911485406926
-0.10534471250754213,0.630195670684911,-0.37654528096234335,1.0067556992771558,0.37894888821629685,0.073420050800904,0.5248509581773688
-0.4148469012882354,0.45194603732122307,-0.18084128596491345,0.8023122709704007,0.12597368090697875,-0.4507167688404473,0.037099136032987645
-1.5791562853944654,-0.8286279788564058,1.2700593401617422,-0.8722738872420509,-0.8193448846031205,-1.957655940572506,-2.4077842642508713
0.528879745585174,-2.2370865111124707,1.6549102344672768,-1.5676106906187834,-0.42539154955769676,-0.1595884930385261,-1.7082067655272968
-1.1077125022845524,-0.01771831791014226,0.36487049588260106,0.13260011531823357,-0.4073110727088298,-1.4117884622082069,-1.1254308201946948
-1.719394474619523,0.057120996082092076,0.2765135425915288,0.24610065655102692,-0.6759940158417987,-1.5128683877054105,-1.6622734785374311
-0.7995474906917599,-0.2915945955008327,0.6858652777763303,-0.2709834828182331,-0.3386926138824501,-1.288046273832496,-1.0911420861925927
-0.25898285340053234,0.1892931975586576,0.12108151046646616,0.44343381522433545,0.07799584778189553,-0.3640422942886092,-0.06968965584187475
-0.5637887345823027,0.08968640732259017,0.23811047924194084,0.29526157355526794,-0.10762010452763078,-0.8253040866189147,-0.4741023272597126
-0.6011568006493835,0.5560735100773853,-0.2962916908812965,0.9261125463975566,0.09470744291755553,-0.6408459842913802,-0.045083290571998225
1.693809113288081,0.19686977925029145,-0.4828972150640513,-0.3251121512181133,-0.6098445063753752,1.482705138174548,1.8906788925383724
0.1698692553475717,-1.1640079711612021,0.9866742155041942,-1.166916763176987,-0.18286092245198604,-0.3665785713360734,-0.9941387158136304
0.6933662256603845,-0.7580673285562323,0.6034746018776044,-1.1310030838962022,-0.3819625064710498,0.49257876561810887,-0.06470110289584774
-0.8088471964721285,0.5574394528580334,-0.2977858839753737,0.9276559488058335,-0.004500079914881962,-0.8732642575120834,-0.2514077436140951
0.18103874435787085,1.1071754509490623,-1.4396089173415665,1.2951189298377164,0.731572224871615,0.6962478322506052,1.2882141953069333
1.4428769284963092,-0.5396815622024924,0.3710990772151114,-1.2525705117678108,-0.7041319379279665,1.1134220756085054,0.9031953662938168
0.12837699015594436,1.7604151835753223,-1.9197973404868267,1.5310844841469053,1.7023305452612292,0.8265854238957902,1.8887921737312667
0.9665392502290573,0.7130490503032691,-1.0592368983232794,0.6444465668199666,0.019220531451494303,1.4810923199642925,1.6795883005323264
1.3062060651354486,-0.604602969164376,0.4418114828421291,-1.2618692800396634,-0.6507373082941718,1.043612693715946,0.7016030959710726
0.6365834094146309,1.4092533893640082,-1.68544810448697,1.2133584085952775,0.8739119899112521,1.4139723732509555,2.045836798778639
1.6209122856217475,-0.8061848173822241,0.6524191740668713,-1.5997420640142597,-0.8360935629895638,1.0022798125190644,0.8147274682395234
-0.2516742076314244,0.3827151737243639,-0.10255394027205285,0.7136157994690616,0.16892337394422902,-0.25713746460227677,0.13104096609293953
-0.2889973430098159,-0.3918162398080484,0.8008039184586119,-0.4065657751986591,-0.11698095818729369,-0.6998939912459049,-0.6808135828178643
0.684001328181953,-0.35340998286701436,0.16187602801120662,-0.6705057620567851,-0.29822985289870213,0.6723925369441194,0.33059134531493867
-1.7879128911997157,0.36184731583956825,-0.07874628719343663,0.6859554352732077,-0.5811325689951824,-1.3412375516687693,-1.4260655753601474
-0.4244927905709274,-0.7315309817303334,1.1712267647652015,-0.7876707082348332,-0.24821249534537296,-1.0469423319901263,-1.1560237723012607
-1.5657381506559054,1.0138224669717055,-0.7602525702043222,1.324223736605196,-0.02665831738820664,-1.0819006112791805,-0.5519156836841999
-2.2271126318500145,-1.6993336047222958,1.9756693148828108,-1.2602259204150115,-1.2174195066958098,-1.95541822268772,-3.9264462365723105
-0.27584606256114336,1.2289555856506973,-0.9485698312822105,1.437970628655308,0.8187441474812023,0.0733524922108927,0.9531095230895539
1.3097059056826534,-1.1549826349293644,0.9789258712595054,-1.6870935265087106,-0.7308016235397253,0.8132672147307042,0.15472327075328907
-0.17763219598355098,-1.5104563750875688,1.8513522920606134,-1.2172610913465585,-0.2175887210324094,-0.993209385775192,-1.6880885710711198
1.0112070637749084,-1.4765626605201803,1.2322611901170322,-1.673292509114406,-0.6164250681872859,0.5288755167029205,-0.4653555967452718
-0.14319574500723764,1.0329837789497511,-0.7778542552054535,1.3360084044693625,0.676455590474513,0.19109093247486902,0.8897880339425135
-0.22241402852990858,1.4701603438257402,-1.134893075865913,1.524993935758675,1.1604858561323779,0.23014921955690212,1.2477463152958317
-0.870008223190852,0.36919046954687373,-0.08713431912212162,0.6957355682438973,-0.13551855379808736,-1.0244160764725998,-0.5008177536439783
0.8532821858237332,-0.13971173044107246,-0.08645250541952618,-0.44395515431215327,-0.3230328406969395,0.9589159933459227,0.7135704553826607
1.3863142642463189,0.5481295846881931,-0.8827055816325233,0.27900038588704396,-0.2880703502609342,1.641272232302302,1.934443848934512
-1.6374495930083417,3.9586027040379634,-1.9293196053219583,1.6762715794819545,16.761087995075616,-0.5743573463751969,2.3211531110296217
0.6486436440906672,0.10734329382358966,-0.37780406077643885,0.023245318162956687,-0.14187802695089483,0.8641624642994971,0.7559869379142569
-1.3988128186664763,0.08176781880561644,0.2474441669537376,0.2833300236506907,-0.5126590769853381,-1.4948199572877654,-1.31704499986086
-0.45994283084068716,0.6443536660303223,-0.39167521140072736,1.0214331803107588,0.2172651775023855,-0.42006499668532565,0.18441083518963514
0.37167029121186534,1.853009485069379,-1.9727874883925205,1.4334895923092665,1.776394379518197,1.1965353981503497,2.2246797762812442
0.14225137252631778,0.5135054799885475,-0.8445697083514657,0.811478196741208,0.2910643722959573,0.38307119205310974,0.6557568525148653
0.3724568515114425,-0.14848980305939366,-0.07614034574361109,-0.23569157480208652,-0.09406256580768638,0.3794860982590758,0.22396704845204882
-0.1834001973200239,1.1010002026684818,-0.8390401414743243,1.375102671683819,0.7241209234833835,0.15893302119269753,0.9176000053484579
0.7800271353386294,-0.62944160405378,0.4685188541317796,-1.0460156339703868,-0.4018931975619639,0.6455101419718419,0.15058553128484942
-1.1134361029729902,-0.06741002494685439,0.42352058140400095,0.05732566987063801,-0.42621097800973173,-1.4408398738043953,-1.1808461279198446
1.1614399816743937,-0.027529386267978004,-0.2186599851387608,-0.41687287866913475,-0.4364353561910173,1.2579222581251623,1.1339105954064157
1.7464350892279725,-0.7750702870734348,0.6208697980299716,-1.6307845518199737,-0.8917565685063353,0.9950330644642954,0.9713648021545377
0.14164053766580517,-2.516303860965749,1.7576278831052834,-1.403918184674057,-0.2477295527663591,-0.7402959423863246,-2.374663323299944
-0.5956678809102903,-0.30912131864186215,0.7061021554005964,-0.2953238436102705,-0.2449119376899599,-1.0665408764369784,-0.9047891995521524
0.5109377744920892,1.7106618386711354,-1.8898525210150914,1.3461639516335657,1.4224378200713423,1.3464838419651362,2.2215996131632245
0.03494358936374005,1.4539175816088175,-1.7182880565933627,1.5041389968261645,1.2270079183677685,0.6022591789931689,1.4888611709725574
0.6616810764659825,0.9863521802120643,-1.3298568125857955,1.002154514288944,0.3833854017963252,1.29009595667844,1.6480332566780467
-0.466154856825928,1.3849913436486387,-1.0721162748987076,1.4983641706518338,0.9227284810223092,-0.13475613625763716,0.9188364868227108
-1.072964278711645,0.49515861120031657,-0.22911114592696583,0.8551404859904511,-0.16742819395254097,-1.131866143824852,-0.5778056675113283
-0.952062100706259,-0.5181455523987548,0.9424813960374022,-0.5634279496850723,-0.4634733567177746,-1.5427623578253928,-1.470207653105014
-1.4614036047221062,-0.5163479086460222,0.9404944903264645,-0.5613164606229809,-0.7083888083470626,-1.8067245731110235,-1.9777515133681285
0.35111689651096534,-0.06877046307863847,-0.16998938818032913,-0.10634217982063926,-0.059538997729621554,0.39050901164703755,0.28234643343232685
-1.3477649412536636,1.470739856691369,-1.135309018955467,1.52516159933313,0.6194161098990887,-0.8835765480985444,0.12297491543770533
0.33722093830845856,1.0080654330757632,-1.350047748701022,1.165398264977534,0.5595840014895422,0.880226451607745,1.3452863713842218
0.7852269196346882,-0.6648677669672133,0.5062604464212233,-1.0847261956539522,-0.4106842956796114,0.6346722661593941,0.12035915266747488
-1.9450469586120391,-0.9154243682317061,1.3552907381373163,-0.939041130572757,-1.0078483178226187,-1.8923023221611817,-2.8604713268437454
1.2251558492732308,-1.053546073700315,0.8893467304698405,-1.5932037441616491,-0.6786841301279494,0.8146365559706411,0.1716097755729158
0.8160436843240609,-0.6124069731288238,0.4502239564015922,-1.0446088656049344,-0.41613398099456916,0.6905133904125346,0.20363671119523719
0.3931092448539835,-1.8239198526251938,1.4541852171112768,-1.4622683891172188,-0.34149449459211456,-0.2523520894780511,-1.4308106077712104
1.167075165999964,-0.03966870009048212,-0.2043290682636636,-0.437871727598005,-0.44312794081583384,1.2550296823820153,1.127406465909482
0.8858257989659072,0.18986164938309566,-0.4746983799849463,0.03653767309792654,-0.22363400735932032,1.157378479459937,1.0756874483490029
0.7980637952989431,-0.10193203926360005,-0.1309018515722209,-0.36202939874863815,-0.2850925149333296,0.9228305209069494,0.696131756035343
0.7433565435138623,-1.5095726842240433,1.2556190790705697,-1.5591758873321446,-0.4899530143919022,0.2668207929725981,-0.7662161407101811
-1.0807106924455065,0.7254740044815357,-0.47704932135180617,1.1010189048738879,-0.027113677861735505,-1.0303375347140815,-0.3552366879639709
-0.039178256209496685,-0.22875417122021255,0.612906068597452,-0.1817986189526894,0.04389504166401721,-0.255992972270009,-0.26793242742970924
-0.17961229465135792,0.5017251093451655,-0.23640299110153506,0.8629904345475918,0.2664388467347537,-0.09551903833026451,0.32211281469380754
-0.593343754242419,0.5103075967452559,-0.24591577091937564,0.8731785525743266,0.07202754066341151,-0.653039897344562,-0.08303615749716309
-0.9157918490686792,-0.40725204301996576,0.8183230988292254,-0.42662007742167,-0.4223293391332004,-1.4573700833075574,-1.323043892088645
0.9849516717192109,1.0712524278458908,-1.4076443777707806,0.9051647100734145,0.3082490927290714,1.6466144814719157,2.0562040995651016
-1.0971543602553622,0.8386347472283774,-0.592143538560891,1.199372858177537,0.04886110082870627,-0.9919391334601098,-0.2585196130269848
-1.039182322034903,0.7330232317190783,-0.4848764395033764,1.108035888864888,-0.0018092168556289967,-0.996993449239596,-0.30615909031582467
-1.8988120593192948,-1.1171106924391125,1.541129741846009,-1.064776664609892,-1.0103696968697573,-1.995936964598011,-3.0159227517584073
-0.5089722778228615,-0.16648595488595935,0.5400940986381316,-0.09090577402501786,-0.16501431488626822,-0.8860258980910629,-0.6754582327088208
1.4236144293489872,0.9039991740035269,-1.2514648505167267,0.5944347656671126,-0.05538459901155441,1.8094268549498485,2.327613603352514
1.5754679085723808,1.2066078980355681,-1.5250855813697135,0.7027689162019649,0.16729556291094105,1.9433975652553988,2.782075806607949
-0.2828635516348445,-0.2663268843187201,0.6566006943153561,-0.2354678086643141,-0.08339792467670509,-0.6290047552942524,-0.5491904359535646
1.0689716222012626,0.040371431022839264,-0.29883379967593926,-0.271289595927839,-0.36873735087365084,1.2324729625592608,1.109343053224102
-0.15699367249331792,-1.3352027230151915,1.7217919045499055,-1.1618509214075656,-0.1933131627458046,-0.9072848777977958,-1.4921963955085094
-0.10646012155553987,-2.7909964066938464,2.432618909410357,-1.3470071275734201,-0.2373631844852181,-1.1399680765548152,-2.8974565282493865
-0.45611755514868535,-0.9798902516618007,1.4165902471704614,-0.9835042293658931,-0.2993111202606543,-1.1950075206924322,-1.436007806810486
0.6925743475393558,-0.4786723564156615,0.3035340891001602,-0.8350190285891265,-0.3303854048469984,0.6210607583541631,0.21390199112369424
-0.3290515493410809,1.3471054646704976,-1.0431355772271087,1.485165099737576,0.938410176431496,0.03918296443471814,1.0180539153294168
-1.0490677451686161,0.31665889515665435,-0.02689286464661998,0.6246975091623517,-0.2468399091337249,-1.2018821037867236,-0.7324088500119618
-1.895266947476466,0.08972911744465112,0.2380601452826103,0.29532588371776514,-0.7487914993055477,-1.4355266040427834,-1.805537830031815
0.41026574539684446,0.8598709717969121,-1.2083065133804765,1.0273929023703345,0.39646892429640895,0.9194387877097882,1.2701367171937565
-0.8986831933186461,0.3196569419445935,-0.030345079372660136,0.6288169500673361,-0.1730237396093563,-1.0757376191529966,-0.5790262513740526
0.31815419967868935,-0.01923163409763723,-0.22845723579750774,-0.016136446080700775,-0.027594606411323653,0.3697754758390909,0.2989225655810521
0.15001627872780374,0.4635343217316655,-0.7889476833094785,0.7476264876053641,0.2597139502428671,0.3704175676301789,0.6135506004594692
0.39788042488185116,-0.9960108890883996,0.8365299387148643,-1.1771073374454684,-0.27330104478485456,0.020576373365352597,-0.5981304642065485
-1.1958615103244818,2.505980285318673,-1.6614603147213292,1.6572994729561787,3.3714673246863693,-0.5906379475941913,1.310118774994191
1.9197922864280879,-1.3916938760540336,1.1699568065311623,-2.065269417858736,-1.0471056828790257,0.6919077508672297,0.5280984103740543
0.4502177420378455,0.6274370827531105,-0.9687042763602105,0.7966420313740866,0.21111805567567818,0.8696785088914417,1.0776548247909559
0.7513372351604846,0.14039543644735017,-0.41668428241126626,0.02538052994766705,-0.17864961161090054,0.9968200847474454,0.8917326716078348
-0.9268719392086243,-0.18242040636309756,0.5587681464902998,-0.11437058544855684,-0.3707949169298478,-1.3553001330279162,-1.1092923455717218
-0.49112513779081807,0.1343731160397544,0.18550848067996875,0.36223593426903955,-0.05568376691566725,-0.7099554625480413,-0.3567520217510637
-0.26837130412057664,-0.13167562628701832,0.4992160413570733,-0.03922969444121075,-0.03898455958282028,-0.5405319728360497,-0.400046930407595
1.018552474767882,1.2305581999547246,-1.5450095406958662,0.9698562538539449,0.462944201252499,1.7325907060256902,2.2491106747226066
-1.181103172771823,-0.45993010443458127,0.8776918328777604,-0.49324055539985645,-0.5616680745449174,-1.677790533846233,-1.6410332772064042
-0.7907999537751678,1.2237222119601092,-0.9442346101623846,1.4356522326412404,0.5647158252166706,-0.5758518809237633,0.43292225818494146
-0.05936790254849916,1.4489894041582356,-1.1195941258319224,1.5187475731050968,1.208114265353161,0.46156757024307493,1.3896215016097364
-0.4775808546567209,0.025999994185658175,0.31324693416692184,0.19894781541900614,-0.08898282627471549,-0.7473637695987072,-0.4515808604710627
-1.3486964467972422,1.3025355364861801,-1.008207181954265,1.4684776285742434,0.3905568036500358,-0.938706236926401,-0.046160910311062064
-0.36261208757725877,-1.4851564513254543,1.833503787388056,-1.2102933766478705,-0.3047499326076919,-1.2482761479148912,-1.847768538902713
-0.5924612851532695,-2.304907937770138,2.2771938846392206,-1.3284748969137332,-0.458383063432656,-1.7403191248962584,-2.8973692229234076
-0.03181717269879145,0.11248774241419583,0.2112539217190735,0.3295186886077563,0.15710760447396288,-0.071879203759755,0.08067056971540437
0.28807816700515054,1.498108183577034,-1.7498954722499027,1.4002866721440546,1.1706545790298595,0.9836889801763676,1.7861863505821844
-0.30097615395533844,0.8074559170052702,-0.5609189065821835,1.1737193288235575,0.40819881751135684,-0.12942377569154676,0.5064797630499318
0.3122386890129999,-0.1933216404740039,-0.02358643563657281,-0.27406422342050674,-0.07787413979343724,0.2731016583774709,0.11891704853899598
-2.076802021923554,0.9475011673456759,-0.6981141029895879,1.2806775409969622,-0.332716162142752,-0.9237542509996892,-1.129300854577878
-0.5039739491423175,0.017955891650826426,0.32274484967889605,0.18674374814356326,-0.10447998585569027,-0.7858192815099938,-0.4860180574914911
-1.2704607763854796,0.2829955338110016,0.011978304940019408,0.5779352164527232,-0.3688550615091136,-1.3489536595070442,-0.987465242574478
0.10803081731234535,0.02941761897076564,-0.2859026917166729,0.15440687070299317,0.09016886518952517,0.09197238284561783,0.137448436283111
-0.13479312929572362,1.0492182907525678,-0.7926426141899523,1.3457228561500074,0.6960883944709358,0.2097531168000831,0.9144251614568442
0.9662208625783415,0.7259168525208212,-1.0726236556721191,0.6566993345975829,0.028330249617831853,1.4865997136594782,1.6921377150991628
3.3210787561703645,-0.6002253303773148,0.4370840690494376,-2.184560720699284,-1.6202078763940744,-0.6425552110374018,2.7208534257930497
-0.37951751553387963,-1.014803690858671,1.449053653108983,-1.0058523304675022,-0.2667890396293718,-1.105696018826008,-1.3943212063925507
0.43598619629640983,-0.6874873930601744,0.53013648291537,-0.9463990519765971,-0.24640313615105616,0.20416617243863777,-0.25150119676376453
-2.698361741666047,-1.2133381258287046,1.6234918277881472,-1.112007884096054,-1.4055771267457722,-1.2671254240217715,-3.9116998674947516
0.07225189915588459,1.0097873349475586,-1.3516402643624588,1.2884412621964385,0.6887834114089519,0.4990904187272274,1.0820392341034433
-1.5569415578650314,-0.6124421282843443,1.0453764242078274,-0.6690369993482005,-0.7729275443593244,-1.860647441589142,-2.169383686149376
-0.13935180545092124,-0.7285374894247015,1.1681239304662587,-0.7848909896266726,-0.11041090252116635,-0.6427018393566599,-0.8678892948756227
0.5311637934562251,0.004000841975375483,-0.2558911673939303,-0.07892008128923088,-0.12235610722909226,0.6675567382715024,0.5351646354316006
0.3212659144838316,-0.7252149257453662,0.5695615923973162,-0.9296661199764452,-0.19746909600962798,0.02990528592843068,-0.40394901126153454
1.5365363280210986,-0.00037500875835609604,-0.2507238432927199,-0.5483158756406645,-0.6079897099848036,1.3928434090461932,1.5361613192627426
1.2935496206633084,-0.43899766366627757,0.2590663530072885,-1.0625078966043602,-0.611291085119134,1.1174414765316114,0.8545519569970308
0.5900394641608302,-0.6793837829972343,0.5216030038165373,-1.009342804606821,-0.31920225695908083,0.40577121775781544,-0.08934431883640415
-0.9509092510507696,-0.7043503315234588,1.1429351093582425,-0.7620499368637256,-0.4972198273275688,-1.6282415694815322,-1.6552595825742284
-0.04586668606976747,-0.21873345896770915,0.6012197583080776,-0.16732516279285806,0.04338989794187576,-0.2608156023094779,-0.26460014503747664
1.5392070096550627,-1.1487042296369459,0.9735142599396207,-1.7895809511371439,-0.8406476564723472,0.8648902426273252,0.3905027800181169
-1.0903383324548148,1.700188146645526,-1.2883007145523304,1.5793715112857143,1.1238817806233343,-0.6870277337678209,0.6098498141907112
0.6087836589081088,-1.8814108671660597,1.4860087623991096,-1.5697200458536247,-0.44841119957492653,0.012612531461637268,-1.2726272082579508
0.4972690986459772,0.23733269933959658,-0.5301186613209142,0.28423734102074416,-0.01659575888748846,0.7422879821871968,0.7346017979855738
-2.1444440467284505,-0.3695624253374333,0.775454772323945,-0.3772462557750686,-1.0053355438000544,-1.5080789294354924,-2.514006472065884
-0.017454951836177974,0.7314025171250657,-0.48319780649505223,1.1065349989422806,0.4890717500619626,0.2488699039088605,0.7139475652888877
0.9544956665476875,0.09574677111013467,-0.3641453017293314,-0.13495427409602695,-0.2935152605696294,1.171072204512222,1.050242437657822
1.0334508032642373,-0.1462732746113538,-0.07874362506059308,-0.5366420713122249,-0.4117227296483172,1.1115040179267541,0.8871775286528836
-0.857496824739772,-0.934181843147949,1.373306383631643,-0.9524168139859722,-0.48664895073818754,-1.6423902405219977,-1.791678667887721
0.542645294566316,-1.9581690855990108,1.5264493263597334,-1.5488897412635008,-0.420377820140611,-0.08670447129617445,-1.4155237910326948
0.6778075711198115,-1.1065730673918852,0.9367442558532478,-1.3711212899509788,-0.4212072452568483,0.33104452795861483,-0.4287654962720737
-0.3592240957107388,0.5053819027529176,-0.24045863214616062,0.8673413291681289,0.18199583326993687,-0.34898050319906576,0.1461578070421788
1.2179409008013473,-1.9406809643648932,1.5174381518005309,-1.8576481980153825,-0.744729584182014,0.5400610744283721,-0.7227400635635459
-0.806178211953457,0.04906169237310281,0.2860238524922962,0.23390203611817723,-0.23910600116391684,-1.1223708939950188,-0.7571165195803542
-0.596086334587662,0.8616231013412039,-0.614920505304279,1.2175992264282762,0.3083896467181226,-0.4972205169786515,0.2655367667535419
-2.0863905654565262,0.3618016405710469,-0.07869407792827397,0.6858944447141353,-0.7248898404004923,-1.1840258757296933,-1.7245889248854793
0.425920176502816,0.049080397141630476,-0.30911283776166665,0.03788743311419673,-0.05598211599979689,0.552682224722187,0.4750005736444465
1.1022367325853422,-1.229574253546429,1.0418627563530765,-1.6265985101498215,-0.6385689286729241,0.6770536870914843,-0.12733752096108675
1.108616757989675,-0.7029204029101687,0.5463248208770736,-1.2709534369499882,-0.5729257020391183,0.8950331860078131,0.4056963550795064
0.7255505180787332,-0.32420421948521105,0.1283593324484819,-0.6500242021956637,-0.3111832449093818,0.7335647349428082,0.4013462985935221
0.8143431291489254,0.7804699297583744,-1.1287046618605765,0.7758086089363309,0.14074564178186605,1.3698730854947452,1.5948130589072997
-1.4640535735805917,-0.1544911938105286,0.5260206488373996,-0.0731602988091325,-0.6214806751519664,-1.6283605175069686,-1.6185447673911204
-0.09243231854158614,-0.2378752654568325,0.623531657834689,-0.19491620058314912,0.015801607967917852,-0.3390032846086667,-0.33030758399841864
-0.7556627651019651,1.8514378945735097,-1.3768026909423425,1.6043386161268687,1.5880832595104597,-0.35214544432449857,1.0957751294715448
0.20909667657552103,1.5550159943330888,-1.7893124384845374,1.451520972116442,1.2974794140653416,0.8877231390785586,1.76411267090861
-0.5691486535119704,-1.061796761310848,1.4919173775768255,-1.0340986650679698,-0.3637482183951408,-1.372817498069639,-1.6309454148228184
0.13224777891978462,-0.5632366041174566,0.3969024072309828,-0.6760702654579129,-0.07758477896775107,-0.16707275001794064,-0.43098882519767195
2.3901459623335115,0.24542284918911964,-0.5395342868941169,-0.5754264416701107,-0.9246394072075756,1.0499302809805886,2.635568811522631
1.1525991350106037,-0.22423577212349852,0.012523642038819855,-0.7057997377255976,-0.49106322917006756,1.152952868224492,0.9283633628871052
-0.32606130576013626,-0.030911417604135967,0.38044753155047234,0.11258662133228177,-0.03526342199809183,-0.5707096050832006,-0.3569727233642722
0.35571726157601685,0.8495868450948219,-1.1981357392309488,1.0443986282708546,0.41454264009924324,0.8403772552060366,1.2053041066708388
-0.1221540151116833,-0.6808515740173174,1.118264957513707,-0.7392070953792002,-0.09413916481608761,-0.5960268436004738,-0.8030055891290008
-1.0678765764865552,-0.07667936270573186,0.43445229495227217,0.04332874894792379,-0.4071949266267033,-1.4144956317279584,-1.144555939192287
0.5729627259567562,0.45794707630974174,-0.7826879757873444,0.5460446393385028,0.05303737558872574,0.9473223389730938,1.030909802266498
-0.017817549053938987,-0.600138799235613,1.0321051786657824,-0.6558381249901744,-0.029471869472179044,-0.40530086200062787,-0.6179563482895519
0.14676526338688947,0.5718048788649898,-0.9085809291885055,0.876205061501649,0.32289670655081704,0.4172761714921088,0.7185701422518792
-0.03681765651702741,0.11236848879221897,0.2113943012069804,0.32933994411067297,0.15465433614192886,-0.07931642810158994,0.07555083227519156
-0.1505043256504516,0.9154992680625726,-0.6674670976448795,1.2580786373074433,0.5673767744494299,0.13280294301144785,0.7649949424121211
-0.4382002673386686,0.1855356209665554,0.12547999896783169,0.437925982788039,-0.009844410185971455,-0.6142324410443475,-0.2526646463721132
0.3944280300121126,0.7255225582535588,-1.0722143438430694,0.9195165536801414,0.3034069000179419,0.8392241517361522,1.1199505882656715
1.4958847658844756,0.6754538092042119,-1.0197897513963452,0.36432518782087103,-0.2612081389891872,1.7213113809556269,2.1713385750886873
0.5992132354592584,-1.4702370890213132,1.2277294205518516,-1.4818391945429588,-0.41753381424548985,0.11239587273101963,-0.8710238535620548
0.6064039443038369,2.293717612357178,-2.180032526566989,1.367671768594489,2.8608372217944984,1.5910989524459362,2.9001215566610146
-0.8300109855676734,-1.0195198494057163,1.4533986809472805,-1.0087808282252688,-0.4843069675353625,-1.6499735097828854,-1.8495308349733897
-0.2146538422260227,1.0212481260989013,-0.7670926789696086,1.3288320605943473,0.6309335613881216,0.08267822415809323,0.8065942838728786
0.5247504922968238,-0.47712420646933207,0.3018064525006997,-0.755887416799921,-0.24924267167530206,0.41881285517987926,0.04762628582749173
-0.03599018172719132,1.0370389817739079,-0.7815589754850318,1.3384580024684556,0.7319511924429999,0.35022091267326283,1.0010488000467166
0.672619748121479,2.428876969522979,-2.230326355262732,1.3443836033789776,3.3151709890743013,1.6912034176760897,3.101496717644458
1.0056866803112163,0.3535672160026291,-0.6643893822636777,0.21196915542591535,-0.20845707809963934,1.3426633349880681,1.3592538963138454
0.6147262758274484,-0.34898419091555255,0.15680762171841034,-0.6326668555815311,-0.2638138186316806,0.5931527863981849,0.2657420849118959
-0.977773001532967,0.17195713216759081,0.14138703243669987,0.4179604029629623,-0.2751848273256289,-1.2188170318647495,-0.8058158693653762
0.4905610438096389,-1.395283025065327,1.1726576350034452,-1.4086127886335937,-0.3591464315845909,-0.0009335587611362696,-0.9047219812556881
-0.5223564651356952,-0.36925590182896817,0.7751048797621352,-0.3768391207089944,-0.2241305273201257,-1.0045861125637137,-0.8916123669646634
0.2656424025142851,-0.2604660588653798,0.054683848762970985,-0.34943161625322183,-0.07357829733645131,0.17341737081869343,0.0051763436489052905
0.445096710344572,0.09811224622199123,-0.36693207976979403,0.1030693365285114,-0.04732544487785064,0.6032861028547103,0.5432089565665632
1.0603275091568074,-1.7111676596244927,1.3878288572367021,-1.7504980364617952,-0.6562709289715327,0.49873443842491044,-0.6508401504676853
1.6571246380429256,1.4176740129993604,-1.6917084358791643,0.746320356479439,0.394191476220723,2.0097906875113973,3.0747986510422862
0.05031708614713537,0.6503232142523461,-0.9931492893443193,1.004391615065388,0.4183905005039036,0.31213732924430443,0.7006403003994814
0.6065484004132948,-0.7372896277599319,0.5820719863909976,-1.0721716207878296,-0.3368198203461286,0.39982270661213165,-0.13074122734663707
0.16466506584920662,0.7781741790995664,-1.126366949235892,1.072841128797718,0.45190845434316984,0.537320760483294,0.942839244948773
0.30981675860748836,1.0513207678487513,-1.3896640156068325,1.204360311778248,0.6138410561521427,0.8589645662753529,1.3611375264562398
0.09499611006916124,0.08075098862302005,-0.34647167981654825,0.23807184243134727,0.11483361781890955,0.09895835136597528,0.1757470986921813
-0.7678037460245601,-0.3645380497066375,0.7697170525365765,-0.37056161027503176,-0.34122017109562136,-1.291028635688433,-1.1323417957311976
-0.45971768103806804,1.7054835177554424,-1.2915611150911819,1.5803709978096139,1.4374171693593998,-0.03159564255661727,1.2457658367173743
0.24050555214736213,-0.9994265013581795,0.8397053466536688,-1.106855624649816,-0.19794242954501484,-0.20112743001649452,-0.7589209492108173
0.3985983881614373,-0.1920036966310444,-0.025128408415464598,-0.31188591267333077,-0.11909310053776256,0.3932350388981314,0.20659469153039287
-3.053764380426305,0.4798523711538174,-0.21206923612164447,0.8366590442992748,-1.1297511228207915,0.028206771029080258,-2.5739120092724876
-1.5526987831768355,0.578464420256242,-0.3207143124872972,0.9511426521086428,-0.3501330659840193,-1.2712754181065369,-0.9742343629205935
-0.96126359903051,-1.458324460393154,1.8142607408013178,-1.2025477368781448,-0.590949176638793,-1.9266365504735894,-2.419588059423664
0.49434165098237876,-1.4941937652746844,1.2447976850157128,-1.4403550092668056,-0.3688763026584475,-0.027134306623907666,-0.9998521142923056
-0.44669920347712,0.20437739492116297,0.1034404730066959,0.46546486437041246,-0.006175491986550648,-0.6160624631243289,-0.24232180855595703
0.612232523128053,0.7448845364406519,-1.0922470964413664,0.83712894550021,0.21221107186600577,1.1289308129203688,1.3571170595687048
-0.036281288553702225,-0.8323953476886892,1.2738212760995853,-0.8753422785616058,-0.07691388357765166,-0.5368099144263768,-0.8686766362423914
1.923815425970925,-0.6059813205385978,0.4432987104568313,-1.5476233594905051,-0.9484086029633734,1.0033144841550097,1.3178341054323273
1.8035889814864974,-0.4525249732840256,0.2742723924117636,-1.3142074568177986,-0.8598420347306526,1.127433712005636,1.3510640082024719
1.1612856933418074,1.069965538950133,-1.4064887373278108,0.8232663067587002,0.22206110038830923,1.770209126054709,2.2312512322919407
-1.0455342473768945,0.35528450700622954,-0.07124029648932916,0.6771723354690924,-0.22681637759855275,-1.1801451931229465,-0.6902497403706649
0.7553920291908554,0.7009821215232441,-1.0466296325784423,0.7301060873287192,0.11260578725396536,1.2729165368416555,1.4563741507140995
-0.198937450283896,0.3019600454061449,-0.009944066034526614,0.604392047647491,0.1557606571155662,-0.22121880385413245,0.1030225951222489
-0.3946896809955576,-1.1718133792211223,1.588460370324045,-1.0925403936897626,-0.29194842776189894,-1.186567764316982,-1.5665030602166798
0.9840122369402405,-0.5596814219185569,0.3930184047472989,-1.064123245240338,-0.4870734877906656,0.8691198409814138,0.4243308150216837
1.3797581916062172,0.6024509012396099,-0.9418215832229827,0.342238950322555,-0.2521770654979935,1.6649659716662952,1.9822090928458271
-0.8926466735128841,-0.16119831954123737,0.5338917859255004,-0.08309141895774676,-0.348255250311586,-1.3135558852455285,-1.0538449930541214
-0.28638491539517374,-0.8708876496519611,1.3119360812296463,-0.9057982681291248,-0.20292185285644646,-0.91667649421044,-1.1572725650471347
0.5014295898933301,-0.47861407386118443,0.30346906085314973,-0.7469678101710588,-0.23832541047912634,0.388105858122141,0.022815516032145655
1.6316915136307972,0.8608912410184296,-1.209313235064532,0.46599141954323536,-0.19090381996029349,1.8044673122633847,2.4925827546492267
-0.8801890645415797,-0.01900052154731654,0.3663844897855799,0.13065453277676864,-0.29817150551871124,-1.2296757500148432,-0.8991895860888963
-0.22676019216958399,-1.5645078538111965,1.888528192772859,-1.2311159585788203,-0.245185030193846,-1.0802769713338343,-1.7912680459807806
0.9312556787681191,0.9498088152113293,-1.295422134112482,0.8536272544506794,0.2209535073434793,1.5526327313733554,1.8810644939794483
0.9255012147023857,-0.4569878575935375,0.2792791511585717,-0.9155863681836746,-0.43794971643722264,0.868286264789491,0.46851335710884817
1.0689859716189178,-0.20975293542255413,-0.0043789448445362925,-0.6463346894884348,-0.4468468066310995,1.1054681661617674,0.8592330361963637
0.9351477795910749,1.8125278151175406,-1.950053492439998,1.1681504619537013,1.4192616182901274,1.8384319351852405,2.7476755947086153
0.14010988130475283,-1.4191487771444868,1.1904681884201673,-1.255038036696483,-0.192363620774237,-0.4978849423340371,-1.279038895839734
-0.31690119652834625,0.6409858663835063,-0.3880822092846971,1.0179630222680078,0.2839776046325563,-0.22637123847647686,0.32408466985516005
1.2198743790306215,-1.133792035393578,0.9605901419009512,-1.6349917019945435,-0.6852550904177066,0.7812446937297757,0.08608234363704348
-0.19054829766145195,0.23333912626012182,0.06964716397850977,0.5073827354620551,0.12939597026996333,-0.24340218438007638,0.04279082859866987
0.43499832426284113,0.9104236030030839,-1.2576819038741238,1.0541751741650205,0.42608879445328013,0.9740310075784777,1.345421927265925
-0.9484396564537968,-0.4234782972255359,0.8366809160402372,-0.44744505425476305,-0.44168193385533927,-1.4940155053256325,-1.3719179536793327
1.0079664776005783,0.3923349111243075,-0.7086122035847018,0.2622790787077632,-0.19047283818996133,1.363537941954944,1.4003013887248859
0.44838065078168743,1.1253234986642537,-1.4555397729230601,1.1817065992921894,0.621614385067902,1.0772355810895917,1.5737041494459412
0.10405338970908944,0.5280034220718364,-0.8605797257215997,0.8460321204215279,0.31773136819978587,0.3340250487560859,0.6320568117809258
-0.3145638619172873,-1.3450100202683752,1.7294095187350498,-1.1654258118697436,-0.2700631116751651,-1.1364853256784764,-1.6595738821856625
-1.2952578852810872,0.07432055368263171,0.2562250644115889,0.27209455021335605,-0.465520412326168,-1.464704859041033,-1.2209373315984555
-0.1995607179962165,-0.654603168524978,1.0904827212782966,-0.7129293126818725,-0.12685182363678396,-0.6967967162942627,-0.8541638865211945
0.31801429641916884,-0.8902715521082489,0.7357902884995985,-1.0669022061073106,-0.2208771135613893,-0.04635500701598877,-0.5722572556890801
0.11133726638297002,-0.019522558320273307,-0.228113723057256,0.07861601621427085,0.07190352501896011,0.07189593498171812,0.09181470806269672
-0.8399889146122471,-2.298205880537852,2.27457538689606,-1.3280751888624822,-0.5773551647365133,-2.0140784261413436,-3.138194795150099
1.456527386472777,0.3166372357039576,-0.6219825336783142,-0.04574403041783581,-0.4430664291580717,1.5442281187718734,1.7731646221767345
-2.664125939262139,-0.42642861763352236,0.8400122011985407,-0.451202853205317,-1.2685424130252705,-0.974437704746053,-3.090554556895661
0.39378773124931865,-0.22814069070045617,0.017076379805121836,-0.36216735612515405,-0.12670537224234288,0.36847896472636166,0.16564704054886248
0.5803301126032293,-0.9732675852492401,0.8152589330464485,-1.2462450096547224,-0.3582815601659971,0.2671539318530065,-0.39293747264601075
0.1751677292180687,-0.053483692735156345,-0.18802420523524133,-0.002239495774987776,0.030065673129210935,0.1478398752751527,0.12168403648291234
-0.1830619869619735,-0.22102890178833562,0.6038978868503687,-0.1706462119169717,-0.023302430264001937,-0.4629966624793748,-0.40409088875030913
0.19975955519262756,0.9327214136880919,-1.2791277075257106,1.1784263494679965,0.5583665366815408,0.6541565542291713,1.1324809688807194
-0.5301198002000516,-0.4072400240119308,0.8183094784696954,-0.42660455400282915,-0.2366022272928663,-1.0331314378664223,-0.9373598242119824
0.16056499174251157,-0.12014997562874898,-0.10945508122252223,-0.09591471021991038,0.01637532891137701,0.0926972052790406,0.040415016113762595
0.38560229234432525,0.7182907357543429,-1.0646971501802314,0.9167954045951688,0.3026112592437114,0.8239325750831569,1.103893028098668
1.2911889028508758,-0.11644414827166405,-0.1138159224774594,-0.6107722854143093,-0.5269724065518874,1.277328920159924,1.1747447545792118
-2.2772979966603657,-0.06962453945512911,0.42613257799913884,0.0539800222613843,-0.9873817600695521,-1.2403605074494248,-2.346922536115495
0.35387042688284037,-0.18695501653274957,-0.031037070077666273,-0.2839038582690054,-0.09613793731888706,0.3343855213976578,0.1669154103500908
