x_1,x_2,x_3,y
-0.3212170231823309,-0.239083752036426,-0.2530027372532287,0
-0.38909584840677014,-0.19382484985732656,-0.30197066031829706,1
-0.5712776998797958,-0.285016582647728,-0.4482983363009792,1
-0.30413169846781696,-0.018831622144882695,-0.722662728768493,1
-0.02043657907290336,-0.11205661853962288,-0.10768322439247946,1
-0.5867489571437843,-0.27257070348053286,-0.4928015369689378,1
-0.41543063724935925,-0.1515461620925156,-0.24335317594334663,0
0.3327829998237547,0.023854278584426306,0.03389168258682122,1
-0.4186827475828184,-0.258919963870874,-0.28872051643010466,1
-0.37631956487781937,-0.23853251010051874,-0.25300273725322875,0
0.41752300362716765,0.10937715541547409,0.13456397147647517,1
0.5594554763650724,0.36422914750655927,0.3786834702861573,1
-0.781570007617527,-0.4241962655012704,-0.44152924105374625,1
0.06922864576663035,-0.3348337617696626,0.011424047298144049,0
0.3912002059468632,0.17894071079522372,0.6206426195488561,0
-0.3270902641201079,-0.19902104126326642,-0.20979574631346037,0
0.4449771200465287,0.41489226749256264,0.262600687961318,1
-0.2693305205854415,-0.16952479413938232,-0.2463776653091309,1
0.13812253138205322,-0.07136845834289511,-0.0772943074315126,1
-0.7773881202517152,-0.4407886372284587,-0.38334382658819316,1
0.2491304489607754,-0.0016766843026548295,0.16236046898106138,0
0.17032138750773979,-0.20346935501869046,0.07637855701092364,0
0.47517345358516283,0.48404853609535275,0.21982576693095018,0
0.22507619547447183,0.1235352321744362,0.0966858427526127,0
0.5128210959541211,0.3721226154062657,0.25972022189866883,0
0.46940262816384626,0.4449931049125832,0.3344683162244656,0
0.23978457738676215,0.10994615765779721,-0.03797594567632156,0
-0.30654520142986874,-0.24215193098512316,-0.17206164089273465,1
0.4620633007832661,0.4426008892254596,0.3258269180365116,0
-0.6422509209280823,-0.34354847452783815,-0.26121206553178544,1
-0.5234195955241244,-0.08162608092670183,-0.2515625042219017,0
0.07086088430983808,-0.10549957988808074,0.10806368370008879,1
-0.3258546798125628,-0.18331783272810787,-0.34316132501421076,1
-0.22002440726543218,-0.156804111468332,-0.18329545853707402,1
-0.7233158831084233,-0.36155142679861524,-0.4049473220580773,1
0.42367858826365246,0.3461357631716559,0.5615930652645051,0
-0.24227690470063454,-0.1626482487537232,-0.2527146906469649,1
0.489571797426002,0.4852836118554307,0.17517854295985966,0
0.46537491495626937,0.4695767164530579,0.23696454000372308,0
0.5051582031248608,0.284174154455729,0.08545202510827495,1
0.8402510659911995,0.5806840467513612,0.5922700288317391,1
-0.7853854793539998,-0.4484652395594288,-0.313204477962638,1
-0.34538254435085436,-0.18585619979295237,-0.40912399784891845,1
0.4086534517047967,0.34917990941194993,0.464809405559427,0
0.22928393254930668,-0.02430157520001061,0.13499604138587565,0
0.3700742366802976,0.3206683983185266,0.15573539703696362,0
0.44815455823652295,0.43014647292771396,0.2392689128538447,0
-0.49651316540767076,-0.06435043813554243,-0.46284468991736505,1
0.23262657369842754,0.04326059063946601,0.13441994817334485,0
-0.41189156870607735,-0.1941938649490007,-0.44671407996651863,1
-0.2871964720191983,-0.20548148774617586,-0.2097957463134604,0
0.4220736478214271,0.34145814649911826,0.5615930652645051,0
0.6711427101367,0.5604313443385409,0.4658175686813534,1
0.4668275289889483,0.4234236198897925,0.2157931144432394,0
0.3740866120558015,0.05917098172324427,-0.03811996897945506,1
-0.10259708044908794,-0.1538366985982747,-0.06001151105560783,0
0.43163406607857113,0.015909191864493244,0.027410633945856928,1
0.45505415785221837,0.40754025279710276,0.40792020082206887,0
-0.5683607088887096,-0.3128512716866786,-0.213828398801176,1
0.41890169044572234,0.40890443329662857,0.25136687031697547,0
0.3960079068412834,0.3560045795740444,0.3032152594446994,0
-0.20978479075561643,-0.17855804986192775,-0.19726571894092912,0
-0.7422720200722404,-0.36882368416959993,-0.43216772635013123,1
-0.7613714468209026,-0.309934539602396,-0.4494505227260344,1
-0.46378612322880175,-0.2697105494533281,-0.1415287006286295,1
-0.42703397793530684,-0.20118878965516823,-0.30945987208118947,1
-0.20261822548208466,-0.1872050829549396,-0.1972657189409291,0
-0.49200220552683094,-0.23496403008546324,-0.4109963007896444,1
0.12878439309232959,0.011383797931819942,-0.051082066261390044,0
0.4270589700054688,0.1145483501561358,-0.003410352924512028,1
0.36226877683230996,0.3004607123700253,0.16956163413769,0
-0.2500121022755527,-0.15846194842714212,-0.1909286936030999,1
0.28661598754505657,0.19638289533369285,0.09769400587454401,0
-0.7901467505001797,-0.34266792419046843,-0.33077532094480977,1
0.3412583208198816,0.27207629161676566,0.19807824815793415,0
0.45052641291098294,0.4644019862154362,0.31041642460132796,0
0.7894101230671313,0.544014828080552,0.5922700288317391,1
-0.7188198911799387,-0.35805122698842656,-0.3662050535154187,1
0.0007818910656497147,-0.09174913102450714,0.11152024297526879,0
-0.09008688012602731,-0.14010432852612625,-0.09832170968886275,0
0.39107712260227667,0.1297452333276728,0.11900945473816119,1
0.0435383426226165,-0.06321357836295942,-0.10797127099874644,1
-0.7089585405092569,-0.33092800277594697,-0.43922486820362305,1
0.4439393593701255,0.1600493604551077,0.11800129161623148,1
0.4656521550669219,0.28499342795027016,0.1517027445492528,1
0.15672074805854458,-0.09370443343374461,0.029138913583447716,1
0.15592054359620264,0.0464112053594163,0.07220188122007776,0
0.3687968855534055,0.3076210462026652,0.2844922300374708,0
0.5107972358141664,0.27388101403789267,0.19174122282010014,0
0.09596073615401515,-0.09671036695411221,0.045125500231160603,1
0.33421410534339946,0.023309739178801428,-0.02472580178812759,1
0.48160860985449727,0.4186880966084106,0.36903390897627997,1
0.16777895281143557,-0.20910345128839591,0.07637855701092366,0
-0.6606483774592405,-0.293221829659558,-0.45132282566675863,1
0.18679699893676122,-0.0665560797016898,-0.10077010584212107,1
0.5308299942650851,0.3304410952880379,0.31372896057337607,1
-0.45358814545391846,-0.1601928367190783,-0.2515625042219017,0
-0.6692810250003126,-0.22519585921928792,-0.4027869725110893,1
0.15766023054389072,-0.09870575174625133,0.05880771402875508,0
0.21016016372085503,0.08015373031535296,0.03734824186200121,0
0.17491542787574899,-0.1926891203692333,0.07637855701092364,0
0.40533484227381045,0.36395364294777893,0.29226948840662537,0
0.22701434698500716,0.0799491320483766,0.13441994817334485,0
-0.5508192306053558,-0.08808979996185078,-0.2515625042219017,0
0.40508275032466934,0.33043104065899864,0.5022554643738919,0
-0.2171509399594541,-0.18031483980356167,-0.1972657189409291,0
-0.08234587295372145,-0.137417516804119,-0.09515319701994657,0
0.4312584462351666,0.39697547378680753,0.38746889177724475,0
0.5201679054462678,0.4975083062684529,0.2742665755150563,1
-0.568154397603376,-0.038367792581948834,-0.7137332839742736,1
0.4265993946769111,0.11522981661964611,-0.003410352924512021,1
0.4640439845348622,0.2648071683459581,0.07104969479502254,1
0.43117867893075346,0.42363969638020404,0.31905782278928513,0
0.4682020137755264,0.4709572868359225,0.24474179837288088,1
0.28760110716135634,0.0855990061780852,0.18943684996998333,1
-0.7447863996617128,-0.2997695902826186,-0.44296947408507015,1
0.3600723722812925,0.046103277430919035,-0.02472580178812759,1
0.11754533252257368,-0.2586675164219509,0.02885086697718232,0
0.5265364997888408,0.4828679844681564,0.4073441076095349,1
0.01792984368360879,-0.10453168085808638,-0.10768322439247946,1
-0.3683160987553763,-0.20143241381752086,-0.2979380078305846,1
-0.4544633187897458,0.00828754892469595,-0.4229502349496464,1
0.22146624090191272,-0.04639398817113259,0.06298438981959617,1
0.5266234721623823,0.11871535540230041,0.13686834432659675,1
0.03187598501459938,-0.06269237385964126,-0.021269242512947588,0
0.5342505124250241,0.531258942580707,0.3491586931439881,1
-0.509140274635566,-0.1537775544945278,-0.2515625042219017,0
0.4486203173931663,0.4581438029098195,0.32697910446157163,1
0.310350238363118,0.15667945686061363,0.32510680152085053,0
-0.632121553374085,-0.3636159084449955,-0.3516586998990296,1
0.4785501787713262,0.35723700317772905,0.08458788528948194,1
-0.16127364229146965,-0.18237858239719712,-0.11229197009272104,0
0.3972932186724172,0.28689250133642596,0.5967347512288519,0
0.1401611103330638,-0.0764407651050198,-0.03610364273560206,1
0.22662818727210318,-0.06963611807425783,0.13499604138587565,0
0.4735608343866773,0.26798389502594194,0.6311563206775296,0
0.06790618320828014,-0.10364206389454599,0.03590800883067742,1
-0.370418079907321,-0.1943876378865495,-0.23571994087732073,0
-0.11803701574461176,-0.1481757215518344,-0.10897943412067135,0
0.2773761825674499,0.04043824303905767,0.3127207974514527,0
0.379619964750159,0.04046520561205055,0.06917739185429665,1
0.27996122640760013,0.04080164423976958,0.05189459547839188,1
-0.5448199523607768,-0.19820412548949812,-0.5249187335674971,1
0.25186225719905364,-0.021412481519515178,-0.1367759316252576,1
0.3988264490332465,0.3109993447734872,0.20960011240853887,1
0.43249247155391257,0.39165024152043637,0.21939369702155131,1
0.39989995768524156,0.3351352029487819,0.4648094055594269,0
0.09380414033284683,-0.016295618664667486,0.036196055436944395,0
-0.40771327997059925,-0.20760329183741238,-0.2515625042219017,0
0.28244081892919914,-0.07392130860430189,0.15746367667455438,1
0.48529503188441314,0.4873972604716114,0.364857233185434,1
-0.5908633974342814,-0.21454168135818663,-0.3312073908542087,0
0.41993766506008856,0.1353195160284429,0.04829401290007519,1
-0.6182526630135913,-0.1791835822111279,-0.43692049535350475,1
-0.5762739935487888,-0.018164224673924145,-0.39702604038578604,1
-0.024255391923774017,-0.12758369954602816,-0.06548439657464082,1
0.4807943297645877,0.4808170396509406,0.3408053415622948,0
-0.5330438124523096,-0.2055724505347396,-0.4932336068783335,1
0.33614239348568165,0.2015670750844481,0.019921422182964537,1
-0.6856720409695324,-0.3901259570688885,-0.3345199268262552,1
-0.6593108238178259,-0.22891108199229737,-0.5555956971347324,1
0.035700939129273565,-0.11460323443699337,-0.04474504092355287,1
0.4639232458152027,0.17058789130191931,0.06888934524803125,1
0.33499482919751367,0.12557996176593877,0.5129131888057021,0
0.3624115721198715,0.28552289767913536,0.26389689768951474,0
0.33636896615472445,0.1861676569363942,0.07997913958923873,1
0.47326886811623414,0.4478960665021554,0.23394005063794038,0
0.43859536616035777,0.38609991344336553,0.37306656146398914,0
0.27098852435184245,0.08145164584340418,0.3127207974514527,0
-0.4608158196464195,-0.24603665251858786,-0.2907368426739592,0
0.7654499681126656,0.30027341604619506,0.40086305896857216,0
-0.25337587652125515,-0.1693819383664874,-0.22707854268937155,1
0.5871519085429213,0.43845193894216794,0.39740649969338737,1
0.30239229736747353,-0.001821349934207031,0.005087021960311661,1
-0.4559881546395682,-0.2941582732662353,-0.1998581383973161,1
0.47772297792467067,0.3853593008518052,0.1727301468066062,0
0.32475505628803103,-0.05437531825074772,0.23379602733480845,1
0.43217443331632266,0.3814953239589992,0.3874688917772447,0
-0.13645693223867958,-0.13179171014521812,-0.08939226489464658,1
0.38265465542125343,-0.050952702325660834,0.2072957395584189,1
0.2435842065574201,0.021218011673239293,0.13859662396419073,1
0.26461229703731753,0.12048533063420085,0.13441994817334485,0
0.4276183590626942,0.3907005239453547,0.3340362463150651,0
0.3919751403277951,-0.0320966804253492,0.1626485155873268,1
0.35469646558784895,0.15014837463706926,0.1590479330090117,1
-0.7004282757729509,-0.029331717335154064,-0.3088837788686618,0
0.4879509546433599,0.48035394492079037,0.311136541116989,0
-0.10097869568750237,-0.14814862745692986,-0.12280567122139774,0
0.10498885075267256,-0.006686732137540716,0.008111511326095954,0
0.17687372671402599,-0.07056874033895973,0.023954074670673724,1
0.31352387808610355,0.23273056254133723,0.19346950245769257,0
0.42654114081649075,0.03879996941154145,0.09366135338683163,1
-0.20892400003911024,-0.17846190425640657,-0.19726571894092912,0
-0.13255724264998556,-0.16617154191385225,-0.12251762461513231,0
-0.6171712808538213,-0.02472165249007581,-0.29548961167733273,0
-0.15650459429173705,-0.13775537468585458,-0.13058292959055712,1
-0.019260924438471494,-0.12821336043811,-0.18329545853707563,1
0.38982741886243655,0.2709729219731545,0.6140175476047582,0
-0.67482798286063,-0.2947164928388659,-0.5355764579993056,1
0.03394704487842476,-0.058748915526581943,-0.037543875766925874,0
0.39250607662749915,0.28749803720056366,0.5708105566649915,0
-0.23096903061958599,-0.18744750607495725,-0.1972657189409291,0
0.17755270950264984,0.015354654727916181,0.10662345066875858,0
0.2120970851117866,0.038662019942697565,0.11425668573478606,0
0.5149539818136928,0.24608308316064054,0.12174589749767847,1
0.42754873166455953,-0.02935337812122092,0.2072957395584189,1
0.32852821383420605,0.12800363658340458,0.5129131888057021,0
0.7939473700991441,0.5221175872652805,0.5922700288317391,1
-0.7920843713297679,-0.4197615786102458,-0.3739823118845781,1
0.13000576805660563,-0.08326135834984293,0.07104969479502095,1
0.4683826901838216,0.46560987561414646,0.2770030182745752,0
-0.21759550459958696,-0.21013860075518503,-0.03437536309800647,0
0.22691656502022078,0.08409140179194736,0.13441994817334485,0
0.016108690263579313,-0.11969630349315917,-0.04474504092355286,1
0.45863885981757646,0.46792842202938606,0.2641849442957753,0
0.3404508372856597,0.27158511976815,0.24819835764806247,1
0.24109829718577855,-0.038828084955101747,-0.07254153842813751,1
0.35526289344591977,0.28035511749317543,0.15515930382443283,0
0.5295086580356635,0.3332879401202144,0.313728960573376,1
0.5554728935400194,0.4770214148784893,0.411808830006643,0
-0.7669683588842022,-0.39068998295732243,-0.4435455672976024,1
0.7707888743202403,0.3226815091863631,0.40086305896857216,1
0.16922250033984015,-0.07328521710046625,-0.14685756284453858,1
0.28304467181211734,0.1253712236041833,0.33634061916519153,0
-0.04693812093261976,-0.13215393682642967,-0.0801747734941618,1
0.11509553861803473,-0.0017263377876088198,-0.015364287084514098,0
-0.02667129904008614,-0.1076799993015362,-0.053242415808376534,0
-0.29797982942990686,-0.23630821983454436,-0.2086435598884004,0
0.38244988687001324,0.3421623583582082,0.1966380151266087,0
0.27490708174899836,0.03286070561497996,0.02870684367405043,1
0.44099285580615555,0.3719770235899557,0.45789628700906365,0
0.1747704410045342,0.05271499951116128,0.03432375249621851,0
0.1532804393921094,-0.13588912145483567,0.07637855701092366,0
-0.6124960010197006,-0.26520482809389867,-0.4827199057496584,1
-0.6286277840283152,-0.3412486166257648,-0.30974791868745644,1
-0.3366770883992445,-0.18402544607240112,-0.24090477979009478,1
0.3370760865253133,0.26727482255390494,0.2568397558360164,0
0.49343924716206156,0.46883502494426044,0.38588463544278423,0
-0.17251233841956715,-0.17729523025441835,-0.1537706813948954,0
-0.5340323625152247,-0.32011546263080587,-0.31277240805323914,1
0.18029466832051974,-0.06553601719666334,0.06298438981959614,1
-0.31605617485494697,-0.01092665755476395,-0.4827199057496584,1
0.23866386890120117,0.1273859033094607,0.12779487622924385,0
0.3134736051488285,0.23116872112536385,0.165528981649976,0
-0.4243920302379648,-0.22421697255231626,-0.27503830263251017,1
0.050084871426505584,-0.061318093180392316,-0.12150946149320743,1
0.5219796274275851,0.3615036542611683,0.3549196252692866,1
0.43260742571374156,0.39753309859673785,0.19231731603263097,1
-0.735844873194216,-0.2177900189300957,-0.44757821978531487,1
-0.24824962750408244,-0.15119103019345492,-0.09932987281079247,1
0.35656820497176955,0.23794323087331815,0.5705225100587261,0
0.09160333892632781,-0.006027522225492285,0.03403570588995312,0
0.3648369392752082,0.19220565250377114,0.13614822781093402,1
0.6619611303219654,0.1581782768416406,0.36082458069772005,1
0.025612363636450308,-0.05808898532128025,-0.07167739860934132,0
0.22844466335118035,0.11840191743655522,0.06888934524803125,0
-0.1523448653162826,-0.18022310266976477,-0.10379459520790216,0
0.42818623940923284,0.4196314839794596,0.2899651155565022,0
-0.2170047202748351,-0.1825338428960122,-0.1972657189409291,0
0.14658347949841366,-0.2455380488328806,0.02885086697718232,0
0.33023657356497615,0.2494706702471277,0.13960478708611562,0
0.4575775228029211,0.3609492003039806,0.20599952983022388,1
-0.4114099368470633,-0.2114600612566468,-0.36404470396843064,1
-0.5312506453758546,-0.16912499338227166,-0.5999548744995576,1
0.4358405341687712,0.4182629593853648,0.29428581465048154,0
0.2786063628397233,0.03952821164113059,0.05189459547839188,1
0.40625212455870297,0.17614962270092133,0.09827009908707321,1
0.46823538258371944,0.1810838707834989,0.07335406764513935,1
0.45086244635407613,0.4648201459814309,0.31041642460132796,1
0.4569867824459539,0.47260137665227997,0.26620127053963155,0
0.6825915697146827,0.5042886197022297,0.4658175686813534,1
-0.5795313996896476,-0.26065569136254113,-0.3747024284002392,1
-0.19635699957766248,-0.1874828109782511,-0.20979574631346037,0
0.21324923494889286,-0.04642394086324271,0.005663115172839264,1
0.6290246685740644,0.23972296874164417,0.30235111962590633,1
-0.2816730436184277,-0.22290208171448228,-0.23571994087732073,0
-0.2657514140901467,0.06858437847674893,-0.44311349738820516,1
-0.13462718571456625,-0.15077100975229724,-0.18891236735924372,1
0.3655686542938108,0.3134948167510105,0.15573539703696362,0
-0.3479329668067763,-0.2461737120269113,-0.24752985173419093,0
-0.46946629219498015,-0.14033337729124823,-0.5890091034614837,1
0.3494512058882231,0.2830054457634761,0.18079545178202777,1
-0.10336655429432512,-0.13853063037734714,-0.10393861851103245,0
-0.7770633738103603,-0.4308078646686568,-0.4526190353949538,1
0.4165501604366929,-0.023915254491587018,0.27354645899939517,1
0.2803923740793629,0.09822335395677402,0.3127207974514527,0
0.7168723649128554,0.46591002656831354,0.4859808311199122,0
-0.3142530467344271,-0.20512335137267884,-0.20979574631346037,0
0.368841880843519,0.1944312769213965,0.5993271706852372,0
0.3460711228304987,0.25901575841971936,0.13960478708611562,0
-0.32307870596373955,-0.04640094034191257,-0.6595805219964361,1
0.7387682607170155,0.30798475501393235,0.40359950172808956,0
-0.658520649295237,-0.23976444365702515,-0.43692049535350475,1
0.41481107694082553,0.09343660967239992,0.031731333039831514,1
0.2534632337436029,0.03694022440504652,0.16236046898106138,0
0.4257496285034781,0.41252442939460854,0.2899651155565022,1
0.4968871053418835,0.3012361522820502,0.4066239910938738,0
-0.2158538276642646,-0.20055698288999263,-0.18675201781225081,0
-0.29367888952677534,-0.17609979980208834,-0.27172576666046205,1
0.5192291984934514,0.11381912470612565,0.13686834432659675,1
0.43645546482986075,0.3973936370627513,0.3874688917772447,0
-0.13323684559221216,-0.1316818733829236,-0.1366319083221241,1
-0.3409720501037723,-0.18787199145517242,-0.27446220941997934,1
0.17549841311165382,0.07001860496184394,0.08919663098971872,0
-0.1209917417121883,-0.14758274536981408,-0.24104880309322665,1
-0.06762909904905282,-0.12894313722124245,-0.05741909159921763,0
-0.23950409295222788,-0.20010192993541426,-0.2097957463134604,0
0.11921412233185515,0.003539340105718783,0.02885086697718233,0
0.033627675681928426,-0.11680461047807551,-0.0649083033621116,1
0.41215697450814737,0.39159500849403345,0.2765709483651779,0
0.21089743689306212,-0.041537729158624526,0.11425668573478606,0
-0.5756115671466423,-0.30234965527296725,-0.362028377724576,1
0.467712247774863,0.45128674065053814,0.18569224408853477,0
0.3720827645289003,0.19083579562277947,0.5993271706852373,0
0.36767131207023973,0.1973908357494173,0.5993271706852372,0
-0.4840173840526747,-0.28396436582189555,-0.21555667843876355,1
-0.2996890662823992,-0.23893875696070022,-0.230103032055151,0
0.023787873585232412,-0.10600704219478861,-0.07671821421898022,1
0.30627021195009485,0.21323335351593742,0.18569224408853316,0
-0.6185948623562497,-0.11226096059474099,-0.32717473836649624,0
0.13209749486108135,-0.08775460999970734,-0.046041250651749556,1
-0.09393559494998871,-0.14939992425003262,-0.14181674723489648,0
0.4725862789150186,0.028026354537449144,0.27354645899939517,1
0.3544361228762104,0.04917100006081811,0.004222882141513865,1
0.4225165852242889,0.4151529557571532,0.2742665755150563,0
-0.35352324532134205,-0.19790106848478628,-0.3013945671057662,1
-0.62728849540302,-0.20440743458381255,-0.6088843192937754,1
-0.12621351097666045,-0.14953875570977393,-0.10897943412067135,0
0.4701631540206218,-0.017085520787404773,0.27354645899939517,1
-0.01886253979568056,-0.09119264553001148,-0.021413265816081092,0
0.5285906190675714,0.4202677643929802,0.356359858300612,1
-0.044731219129956715,-0.10993966343167987,-0.008019098624752013,0
0.47772542839507115,0.4809682395351932,0.24258144882589433,0
0.750944764554171,0.19331540565301053,0.4915977399420786,1
0.016293575653800324,-0.1190224015122041,-0.11747680900549665,1
0.4656458756317041,0.4216666230084161,0.2157931144432394,1
0.340308979970509,0.0387041415955451,0.06759313551983777,1
0.3879737343306555,0.21526787528381236,0.6206426195488561,0
0.2276065246138927,0.12634437663808556,0.1028788447873132,0
0.05747558467991424,-0.03858053541367483,-0.038840085495119366,0
0.3591501776503754,0.04555045548640746,-0.03970422531391397,1
-0.13886706336585633,-0.15545767476154904,-0.11330013321464916,0
-0.0752552744630195,-0.11851117736330329,-0.17580624677418166,1
0.27308264239130203,0.057570752025386585,0.3127207974514527,0
0.4180790747849443,0.19200751181090636,0.10503919433430291,1
-0.3245316009059932,-0.18929196270853016,-0.20979574631346037,0
-0.6546575583129567,-0.15526343866470815,-0.3312073908542087,0
0.29747044423873054,0.14682245895168772,0.32510680152085053,0
-0.6467514473850857,-0.14149219912156236,-0.32717473836649624,0
-0.5518248450016825,-0.06942427412871065,-0.2515625042219017,0
0.4705562844935546,0.44506510838081315,0.27268231918059904,0
-0.732701534702137,-0.35623461555220415,-0.28584005036745225,1
-0.0579577028850603,-0.11336969479500451,-0.03423133979487617,0
0.5414065415029539,0.09125578230252623,0.10806368370008719,1
0.35608216409430404,0.19627209465738216,0.4630811259218377,0
0.3521302297588038,0.28144820667898607,0.1548712572181674,0
-0.6342394098867038,-0.341267421433985,-0.3394167191327638,1
-0.6330127145366173,-0.12662173405498395,-0.32717473836649624,0
0.41520261593490826,0.26446554579384246,0.19678203842973901,1
0.2065771673070648,-0.13254140605054582,0.12491441016659625,0
0.39320774873771247,0.2316376178964818,0.6140175476047584,0
0.42832177818634887,0.4222797914078957,0.3245307083083149,0
-0.09248158656007702,-0.13342936159328816,-0.001970119893185021,1
-0.7789348179655383,-0.41946852877359914,-0.43317588947205765,1
0.18644375375898575,0.061519033158251316,0.07119371809815445,0
0.5383485581080174,0.5049001198901119,0.42822748656375953,1
0.38496746191141396,-0.04860489409994469,0.2072957395584189,1
0.7226607237647864,0.45466237483198124,0.4859808311199122,0
0.2905520213202337,0.1099141130373034,0.29486190786301403,0
0.4932618743893197,0.4739712869246157,0.3529032990254287,1
-0.7542779247730687,-0.31421037982320016,-0.4671653890113395,1
-0.7315928412781241,-0.3379996103450428,-0.5326959919366547,1
-0.26429970279242954,-0.17633021904266322,-0.1972657189409291,0
-0.7497602024390813,-0.35291710242051805,-0.4212219553120541,1
0.5136131852241874,0.41275865978207,0.36629746621675946,1
-0.26646476044237366,-0.21639089647678417,-0.19251294993755402,0
0.08937683355611956,-0.04908233573586389,-0.060155534358738126,1
-0.07642717761623644,-0.13992991823565548,-0.21138000264791926,1
0.5657790577952765,0.5076760815658783,0.4089283639439921,1
0.22042224146998873,0.008485505287391684,0.13441994817334485,0
-0.39101795671847006,-0.2055477997261121,-0.32357415578818277,1
-0.14922932425454116,-0.1656765611308581,-0.10681908457368325,0
-0.023877278823396533,-0.09290177427278616,-0.038984108798252856,0
0.48167079980706007,0.47556152004420843,0.168121401106363,0
0.43069198824235166,-0.032640605174474646,0.22457853593432525,1
0.3839224340756615,0.34152801468046673,0.285932463068793,0
-0.6388737707503053,-0.27312801211574206,-0.48271990574965845,1
0.10088993198703422,-0.06725223408942342,0.1671132379844365,1
-0.43176878966925103,-0.24427046118732648,-0.2674050675664843,0
0.5409571795811607,0.47926627672110966,0.388765101505435,1
0.40738826134952544,0.38039186233461936,0.23552430697239446,0
-0.13230681713622996,-0.1511702772248837,-0.19136076351249723,1
0.48159989836102013,0.4855089892486546,0.28967706895024,0
0.6621523884135014,0.2760128519852529,0.38948521802109937,1
-0.27709228965359567,-0.17220069684794598,-0.2446493856715401,1
0.3990299054118226,0.23453872233589196,0.6802682670457331,0
-0.0717680119935015,-0.13942742303712619,-0.1886243207529799,1
0.1978314026921893,-0.057017029802217886,-0.0794546569785007,1
0.4384912456352982,0.4443784348306234,0.30177502641337556,0
-0.03289572941520327,-0.10059046259561553,-0.005570702471500115,0
0.04667585997287496,-0.11645320922090265,-0.057995184811748424,1
-0.34783419947361127,-0.02805639095649083,-0.4827199057496584,1
0.39451333190737914,0.350176892293128,0.3032152594446994,0
-0.04626198669666978,-0.11719154440913786,0.0043669054446473735,0
0.10969374301638306,-0.0012373609008232006,-0.03667973594812967,0
0.23335320249060126,0.11834902608344551,0.11180828958153097,0
0.4711943470744804,0.4657880481838947,0.21521702123070702,0
0.4956281571560256,0.4385866972590914,0.3821400295613372,0
-0.7054656458690621,-0.2969446701219158,-0.3744143817939722,1
0.1423159548260184,0.027163526968701904,-0.029910640700903178,0
0.20018140515300542,-0.14642231397322086,0.14723802215214152,0
-0.4368503606027464,-0.2233612017043563,-0.32544645872890543,1
0.3942743864850353,0.36193564091354563,0.30782400514493935,0
0.20529692340682007,-0.05675005460435621,-0.11603657597417123,1
-0.20993465592779162,-0.1900449654855268,-0.2097957463134604,0
0.18371174413322774,-0.10453816544463966,0.12030566446635146,0
0.45067024311802906,0.4443262623203598,0.33734878228711634,0
-0.7583519046597895,-0.33535942700234334,-0.4024989259048223,1
-0.06727064625566101,-0.11903652723196571,-0.03423133979487618,0
0.25558825985926537,0.018571187348523033,0.3127207974514527,0
0.3831228745425356,0.33139232017533554,0.28189981058108216,1
0.20514601203725788,-0.053866541702807455,-0.035095479613672376,1
-0.7828873972432675,-0.4457514650468914,-0.3520907698084285,1
0.6013262330168561,0.434319195181139,0.42837150986688827,0
-0.5078435271880181,-0.3126497368366696,-0.21282023567924627,1
0.36810677948348447,0.31692254034295037,0.1600560961309398,0
0.2966931202935834,0.11934460841413692,0.08012316289237384,1
0.34366920962453595,0.2781621813669973,0.25770389565481105,0
0.2910810505212552,0.09779442265979944,0.294861907863014,0
0.5213390284852204,0.36542717394139207,0.3549196252692866,1
0.26905516480793323,-0.02075833443484465,0.006383231688503567,1
0.3268573429425772,0.02183829395653593,0.00911967444802086,1
0.12696753188121407,-0.06464867111998966,0.004798975354046259,1
0.19296987428368856,-0.1513902239717792,0.13960478708611404,1
-0.2926303674931162,-0.20888926583755651,-0.20979574631346037,0
-0.30278673615025353,-0.1817165533210528,-0.1972657189409291,0
-0.7597448976437347,-0.3874019100206722,-0.4521869654855549,1
-0.3204648793188175,-0.18909930617083853,-0.1910727169062286,1
0.5310614158542477,0.39321063144498397,0.3592403243632628,1
0.3076542237348694,0.007481563487196766,0.009119674448020865,1
0.37811921930280146,0.04882945910799884,-0.014356123962585999,1
-0.7895078052892187,-0.41926841389396136,-0.3516586998990312,1
0.3339124182477172,0.03149112446529624,0.01156807060127435,1
0.6125638630208715,0.08941205490648287,0.2853563698562638,1
-0.38012101947789323,-0.20025454594563252,-0.34157706867975024,1
0.3657527433272302,0.22954877635176407,0.5489190145888421,0
-0.5410831694602505,-0.25296988035514195,-0.39313741120120715,1
0.3995005332824999,0.28731210626017184,0.5967347512288519,0
0.46287221693163516,0.2759292061998839,0.6660099600356093,0
0.6334552150060577,0.40862873964704655,0.42549104380423747,1
-0.03349049052731,-0.11209951391755783,0.06154415678827078,0
0.3525702145911973,0.27942510011010074,0.15515930382443283,0
0.7186343654160217,0.19123770563006937,0.40086305896857216,1
0.3858945101883069,0.08546120511551132,0.07047360158248857,1
0.033917713240870194,-0.05714753352640571,-0.037543875766925874,0
-0.12974756720066763,-0.16748620526739172,-0.11113978366766264,0
0.4738054515070156,0.38151203099433223,0.4252029971979753,0
0.013169144821071302,-0.08342434971213623,0.0451255002311622,0
0.015149898471730663,-0.08122986389132396,-0.03351122327921348,1
0.26653365901239834,0.030435557461740648,0.3127207974514527,0
0.46870952010988465,0.3854407971596346,0.39927880263411486,1
-0.315208333272904,-0.22668216855499718,-0.11891704203681883,1
-0.32233976591895575,-0.2073360362299665,-0.20979574631346037,0
-0.7612207464906898,-0.37322036944970505,-0.38838464219783364,1
-0.6827698100580412,-0.28502072517551164,-0.5194458480484593,1
-0.6536408545990334,0.0030773177288322684,-0.32717473836649624,0
0.49224859783101127,0.29603549465349555,0.09870216899647052,1
0.39749583596443994,0.08208205813423182,-0.02170131242234489,1
-0.4082542199875371,-0.1997192766470962,-0.22952693884262348,1
-0.14339463874010214,-0.15711644367128713,-0.10681908457368325,0
0.3445861476129979,0.27953808696412935,0.2611604549299926,0
0.08390099681026841,-0.10263753423354836,0.031443286433567724,1
-0.1941755482683303,-0.1747232491308932,-0.14916193569465538,0
-0.32465467674944926,-0.242609700044361,-0.2475298517341909,0
0.11539342058496756,0.014868932593079379,0.07853890655791014,0
0.3338094011580398,0.024705957176927154,0.03389168258682122,1
0.21659222031814357,-0.05072466152332265,-0.07167739860934291,1
-0.350833937215161,-0.2410226812846677,-0.17580624677417683,1
0.33394045050471854,0.08445248768551779,0.004654952050912767,1
0.4496382583732631,0.4359407632259215,0.2418613323102317,0
-0.6478189832662427,-0.11536514148334052,-0.32717473836649624,0
0.36498466866411317,0.050672790328913156,0.017761072635976448,1
0.19995422562610018,0.08586871196522462,0.11425668573478606,0
-0.6513214283339067,-0.054166557681312885,-0.32717473836649624,0
0.5011316968354205,0.147322504189345,0.08069925610489984,1
-0.25640040855799606,-0.18540618778885215,-0.19308904315008318,1
0.6949543698578692,0.18476001993135283,0.40359950172808945,1
0.40095348075628345,0.06015015650272796,0.005087021960308469,1
-0.7638827369021409,-0.32934701497724755,-0.4510347790604934,1
-0.12764399785722305,-0.15912655099612344,-0.11416427303344374,0
-0.35808846976060116,0.02258793277811704,-0.7154615636118644,1
0.18844470050109563,0.07822139222576958,0.0040788588383803654,0
-0.3602364281761218,-0.2112437536610719,-0.19308904315008318,1
0.37078004638765183,0.2889461637026635,0.5526636204702889,0
0.2103267398561017,-0.04622930272210364,-0.05007390313946034,1
-0.06625898554616552,-0.11765582993384065,-0.05828323141801223,0
-0.4334369896966098,-0.1295546765797307,-0.24335317594334663,0
0.2941174206868637,0.1687278718520015,0.2000945744017887,0
0.28267362961188486,0.03260466584001754,0.3127207974514527,0
0.48651377758155134,0.4405636546907365,0.25151089362011214,1
-0.5109945788356525,-0.1343448398198926,-0.2515625042219017,0
0.5017952109212479,0.044565404195072454,0.27354645899939517,1
-0.7798294199332865,-0.43046784333623583,-0.46385285303929313,1
0.2587640521744837,0.08506148119006478,0.16236046898106138,0
0.2218886561332928,-0.09664091720672797,0.13499604138587565,0
-0.7780149078973577,-0.4275348222198117,-0.3734062186720473,1
0.45941886608583793,0.1671242344626055,0.06888934524803127,1
0.48396861053589957,0.06732969617465977,0.07349809094827284,1
0.36370417959902634,0.28632257464572264,0.3832922159864053,0
-0.452291081561752,-0.2118031684660207,-0.2515625042219017,0
0.23676412023735596,0.07541974089190885,0.13441994817334485,0
-0.655660414563082,-0.10802695967916161,-0.3528108863240928,1
-0.1621791146418359,-0.14285194134659046,-0.21382839880117438,1
-0.1882565095320127,-0.19101715229972027,-0.19049662369369785,0
0.4826012166660103,0.22453218663200303,0.11022403324707368,1
0.27977966157386625,-0.009856754607643126,0.009119674448022462,1
0.6882327454363684,0.14673500021989722,0.39510212684326895,1
0.19746910286949118,-0.14755632385867845,0.14723802215214152,0
0.5653601234299521,0.06546239861371497,0.22760302530010795,1
0.39202277816778397,0.35020024862504023,0.3032152594446994,0
-0.7362473576502945,-0.3569212966563176,-0.4321677263501312,1
0.579429902177568,0.5197627081753733,0.39740649969338737,0
0.30976231490238937,0.19237955506157844,0.18569224408853316,0
-0.6538295334804408,-0.2709998211116688,-0.46990183177086015,1
0.358569704950798,0.06757252318940132,0.5630332982958322,0
-0.4671498668558046,-0.16612874100076896,-0.2515625042219017,1
0.06059369000340447,-0.06605215729833007,-0.04042434182957666,1
0.07673833247152058,-0.02630799351199402,-0.03264708346041568,0
-0.13874538470045192,-0.16398089725045595,-0.11416427303344374,0
-0.7529253590945095,-0.39101637802996064,-0.4049473220580773,1
-0.04488602950514059,-0.10691173513719969,-0.022709475544272988,0
0.3165030627067398,0.12181650512174673,0.32510680152085053,0
-0.16081039668543315,0.03993834079613218,-0.722662728768493,1
0.43077444278581833,0.3454972984741366,0.6060962659324655,0
0.39780920861572655,0.06473942529091642,-0.010611518081139006,1
0.49787378329843024,0.3646441637114381,0.20815987937721356,1
0.12614182891514325,0.022381257930808543,0.0952456097212857,0
0.27757166235423214,0.08158626975661665,0.3127207974514527,0
-0.5946363607145423,-0.04950187165046614,-0.2590517159847957,0
-0.7313987795016095,-0.3347261582243823,-0.2612120655317854,1
0.17504446647630206,0.05707089783938431,0.0448374536248968,0
-0.03937759145094957,-0.11445665984010182,-0.006434842290294711,0
-0.5666185383796698,-0.21254052937782547,-0.4827199057496584,1
0.31190206742112336,0.18819362516874905,0.31156861102638955,0
-0.5286479466701822,-0.2571962765594524,-0.4578038743077261,1
-0.6540365543893619,-0.3741856644237274,-0.3516586998990296,1
0.4813080823747359,0.4856877447946109,0.21262460177432319,0
0.10651678048762683,-0.25744031566162007,0.011424047298144049,0
0.3928577699409391,0.3083061359773111,0.5708105566649915,0
0.28146345710255416,-0.009352144000092974,-0.0024021898025823165,1
0.20163984063485887,0.08639025084799408,0.07969109298297494,0
-0.15984685745537872,0.06509416418527653,-0.4827199057496584,1
0.35491598921623035,0.29555923405310475,0.2283231418157723,0
0.3865132768564935,0.23416719392284063,0.6140175476047584,0
-0.73390732652003,-0.23794288779902234,-0.572158376994973,1
0.17524880727888908,-0.07090013290568599,-0.14685756284453858,1
-0.6675588198608945,-0.2452039547418906,-0.47335839104604166,1
0.13362868021512564,-0.08022132557235816,0.036196055436941196,1
-0.30820543728069627,-0.20065340154117428,-0.17206164089273462,1
0.5830575678150848,0.22896714700680199,0.2846362533405979,1
0.09518520295343502,-0.015490334680433301,0.036196055436944395,0
0.4459521782342021,0.22857346996969813,0.06860129864176906,1
-0.6946889532070487,-0.3978018307974774,-0.3830557799819278,1
-0.06996658662421748,-0.13970204527881092,-0.11978118185561666,1
0.39741603756036137,0.2592571241892119,0.5872292132221033,0
0.5126263161325425,0.29028332869780105,0.2199697902340821,1
0.3774968184147721,0.06350926231995214,-0.02472580178812759,1
0.20937707171946207,-0.0495205674004162,-0.08492754249753849,1
0.3765387144498332,0.33078929569592747,0.20095871422058656,0
0.47507246419264937,0.4797265652540318,0.24978261398252136,0
0.41089834487038357,0.39287685970531677,0.2637528743863748,0
-0.27241989496366537,-0.20690334638019198,-0.2097957463134604,0
-0.4876147502203414,-0.14160664043326437,-0.2515625042219017,0
0.05751482411870697,-0.10554323576335704,-0.11603657597417123,1
-0.6833803397917052,-0.0386618689674377,-0.32717473836649624,0
0.4652116543805709,0.20828174283595335,0.11310449930972448,1
0.13750603389031485,-0.04624114984421106,0.005375068566573865,1
0.28133879796077044,0.17167087352084287,0.19159719951696827,0
0.4454318626078023,0.4467588538132264,0.2539592897733657,0
0.3342656185644015,0.0643534342817141,-0.016372450206440604,1
0.320299476898497,0.15222668366369535,0.32510680152085053,0
0.5696493883148864,0.27910118890014773,0.28463625334059783,1
-0.6118536873991749,-0.2430049026706821,-0.5277991996301463,1
0.14693938539647167,-0.08138721893523883,0.014160490057661335,1
0.3730277911004529,0.27282749523546124,0.5829085141281255,0
-0.04929196738372593,-0.1109965224237811,-0.01118761129366821,0
0.37310664680931305,0.3136882716175709,0.32784324428036943,0
-0.6041666523874949,-0.3477211364977382,-0.3536750261428859,1
0.6477348491293703,0.5729902396143102,0.4658175686813534,1
0.5295889350052367,0.49246052469748797,0.40619192118447334,1
0.4121164359246592,0.36776374682069596,0.22256220969046908,0
0.46561812243293665,0.4706472342171067,0.26000826850493264,0
0.5077038440105706,0.45590458701418773,0.3799796800143491,1
-0.7820100602200761,-0.4276793781543497,-0.419205629068201,1
-0.326694433577452,-0.18328020433086512,-0.3831998032850597,1
-0.7829759787066566,-0.44617035218041595,-0.37873508088795316,1
-0.05655783034285733,-0.11783729816546011,-0.01305991423439091,0
0.05053856121148508,-0.05102868936627018,0.01862521245477104,0
0.32667300631424456,0.012279838472674318,0.02121763191115484,1
0.459274850333951,0.3954652311054229,0.4079202008220689,0
0.424035870163073,0.17030041149768727,0.15040653482105773,1
0.4465753394945192,0.4512442589420804,0.30177502641337556,0
0.22483379805067127,0.054135184590034593,0.13441994817334485,0
-0.7269021485811948,-0.27570373767191875,-0.5338481783617148,1
0.13035538115733308,0.016245551407516115,0.011712093904404657,0
0.44828943478724403,0.35117985093774456,0.5435901523729345,0
0.12640342587473152,0.024359435085592143,0.046853779868749806,0
0.44513431144785964,0.3732131780262549,0.37738726055796534,0
-0.27418346305954266,-0.1871970296049129,-0.1972657189409291,0
0.8078779645321739,0.8407675383920524,0.5464706184355853,1
0.6057246303273218,0.4993442493385804,0.42837150986688827,0
-0.5157217419252742,-0.26440481076356387,-0.3055712428966153,1
0.21096868427135673,0.10767579922777289,0.07781879004224904,0
0.45968862094958407,0.44757311796186133,0.2669213870552959,0
-0.10167654100175308,-0.14837560781267828,-0.12280567122139774,0
0.3424698814278827,0.21961636430962123,0.12347417713527087,1
0.3573176105046625,0.1725586721682955,0.5143534218370276,0
-0.7863178597677507,-0.44441220441798207,-0.437640611869169,1
-0.5398869356089919,-0.2743489997426161,-0.42568667770916857,1
0.16579202731294762,0.05727968979655891,0.07594648710152474,0
-0.7865999028937679,-0.360130897450514,-0.3649088437872268,1
0.31977020660408395,0.08365939180293724,0.4122408999160466,0
0.05514457925406217,-0.04606823595422131,0.01862521245477104,0
0.6626239635832454,0.4195315683769058,0.42549104380423747,0
0.39494511564810164,0.3608108838639931,0.23192372439408415,1
-0.185106902404483,-0.1463500677815,-0.11214794678959075,1
0.37790304665579555,0.25449206400393526,0.20470332010203193,1
-0.7604229515035996,-0.41189904065535354,-0.4487304062103733,1
0.27080781209811366,0.011870944151867555,0.3127207974514527,0
0.2156670481199523,0.11156455677043005,0.08357972216755223,0
-0.05888614342648499,-0.10744911766349212,-0.06361209363391492,1
0.27319143720503275,0.007325372444972042,0.3127207974514527,0
0.1439915857937098,0.028837776126754713,-0.029910640700903178,0
-0.03470202827015394,-0.10408957780250953,-0.17249371080213036,1
0.34019002463953374,0.1822747605795803,0.4659615919844885,0
0.13094718701076627,0.013742334699986272,-0.030630757216565874,0
0.3003690846219318,-0.0031349085172418106,-0.050217926442589045,1
0.49181831073023763,-0.0030808684363105437,0.19591789861094605,1
-0.013529518944196392,-0.09712226984212217,0.00047827626006687675,0
0.23337044469871315,0.1239945806493536,0.1112321963690002,0
-0.3234101725391011,-0.019669470515943963,-0.4827199057496584,1
-0.6580533557324498,-0.19024276738485402,-0.2659648345351621,0
0.35193432123806523,-0.02378944321153903,0.05621529457236807,1
0.14991023881103738,-0.10808634285601225,0.07637855701092366,0
-0.4336934823884069,-0.2157064313171339,-0.2515625042219017,0
-0.09760424042388388,-0.13652290098707548,-0.10393861851103245,0
0.7049795989741997,0.20455166286953483,0.40359950172808956,1
-0.14002241614362862,-0.15323579591776865,-0.26394850829130745,1
-0.5930519696992136,-0.17578801308713538,-0.32717473836649624,0
0.42133978747817147,0.41287921999170607,0.25367124316709705,0
0.3242876466794614,0.24853203206799962,0.20095871422058495,0
0.4534332330043027,0.28036699878834953,0.6853090826553718,1
-0.05922197035215429,-0.11409020045976247,-0.03423133979487617,0
0.36503416400436783,0.05079320091778815,-0.02472580178812759,1
0.5291098189709698,0.2864447265447253,0.2608724083237289,1
-0.18619972605594173,-0.19132578806026984,0.051894595478388685,0
-0.7710129538933228,-0.43339483075041624,-0.3363922297669794,1
-0.5176589569034554,-0.08066036099249148,-0.46284468991736505,1
0.3074069865913079,0.18983404400118797,0.18569224408853313,1
0.26616905769823596,0.08784238154038364,0.16236046898106138,0
-0.22514493661995447,-0.20762176053718612,-0.19049662369369783,0
-0.27094022330230805,-0.23155967204556432,-0.07066923548741003,1
0.18499927875291317,0.031065092258267216,-0.004994609258970918,1
0.17368126972904752,0.06279529164806459,0.05707943439115948,0
0.48039139047025414,0.46827776560676954,0.2641849442957769,0
0.3289093343055607,0.2022881516181549,0.3251068015208506,0
0.05908616387631977,-0.0424723542081709,0.04627768665622219,0
0.5167518737255737,0.157497997685616,0.1080636837000856,1
0.38053001092847505,0.22461532381080318,0.6206426195488561,0
0.4420786944076821,0.4504082466896112,0.2931336282254216,0
0.5585348105327338,0.5527234699040101,0.4074881309126684,0
0.34159590259451433,0.18508745494424672,0.4659615919844885,0
0.39515717161675024,0.3127821485391291,0.5967347512288519,0
0.4382618928202121,0.386567313103797,0.37306656146398914,0
-0.47479823273681643,-0.21716635129424472,-0.26740506756648424,0
0.4627564340135971,0.4523230486313043,0.2110403454398627,0
-0.15157130968617163,-0.16745436486303833,-0.11416427303344374,0
-0.2619567626807937,-0.1778175444016034,-0.1972657189409291,0
-0.3483874897287008,-0.17318065721608905,-0.1972657189409291,0
-0.3126548011054079,-0.1995807183278906,-0.17955085265562704,1
-0.06125352456220301,-0.10627563451889059,-0.09356894068548927,1
-0.0032916383052648684,-0.08483186242235356,-0.03048673391343238,0
0.16224349275685712,-0.1523483639643085,0.07637855701092366,0
0.31330822639748823,-0.00016063280363863564,0.02121763191115484,1
-0.21280293480353438,-0.2051028946382153,0.045557570140559486,1
-0.7760053618067223,-0.42239621963413226,-0.4559315713670019,1
-0.7771702854130833,-0.44647120173217775,-0.31320447796263795,1
0.14937852176774558,-0.10530394643362771,0.07637855701092366,0
-0.42869342763590024,-0.19949418049209078,-0.4917933738470065,1
-0.7742743703728792,-0.4045061900875913,-0.45679571118579804,1
-0.10625276155113414,-0.1516044590589139,-0.11675669248983074,0
0.08923981851382819,-0.009684386177575097,0.03403570588995312,0
-0.05432296263228417,-0.13322159590509564,-0.0801747734941618,1
-0.048593119916776756,0.07286692680642191,-0.722662728768493,1
0.39981115887395013,0.3657982152078784,0.24416570516035002,0
-0.35166966010580536,-0.24752923494863227,-0.14253686375055757,1
0.5209155561866508,0.21734195523571964,0.1038870079092413,1
-0.6863299236189871,-0.31045270543714804,-0.27748669878576526,1
0.5867887742087053,0.0691253107779264,0.3000467467757816,1
-0.556009929517333,-0.3275895893539488,-0.25372285376889303,1
-0.5772132055480277,-0.29329777353118025,-0.4733583910460434,1
-0.33840302007109346,-0.22449399015725835,-0.23571994087732073,0
0.1821599284909507,-0.053184838054087344,-0.08766398525705581,1
0.3634224408883898,0.049404557978284816,-0.024725801788127583,1
-0.20825806017851592,-0.1827795130158904,-0.19726571894092912,0
-0.6046062878658115,-0.12962725422292476,-0.32717473836649624,0
0.044022275911872306,-0.07615673068882527,0.002926672413320368,1
0.417270151079402,0.3568622841660723,0.5123370955931714,0
0.18284072781616612,0.0787026119959467,0.11425668573478609,0
-0.09222952769116746,-0.11712652726413468,-0.08377535607247528,1
0.24871437639252472,-0.008694476394586245,-0.06116369748066623,1
-0.22432254275120536,0.006173685198088391,-0.6820481572851134,1
0.24319815072938808,0.059703188027647,0.13441994817334485,1
0.7480963261836037,0.26371115228089453,0.40086305896857216,0
0.30326588731264276,0.010458956075385176,-0.019684986178488698,1
0.38891325285899414,0.35197329101042824,0.29774237392566155,0
0.26185784339294405,0.0481617100962098,0.1676893311969673,1
0.3601396746264992,0.19591007129848165,0.548919014588842,0
0.1039373669963928,-0.007754195276006112,0.008111511326095954,0
-0.6327048990707735,-0.3291671788728725,-0.41099630078964433,1
-0.060484215511990846,-0.1141676806816818,-0.03423133979487617,0
0.4415498541476054,0.4488764076371371,0.30177502641337556,0
-0.023849657302707536,-0.0943981868571374,-0.038984108798252856,0
0.2973512602245666,0.21051771305655514,0.17042577395648617,0
0.17214982300543286,-0.17007358322332666,0.11080012645960449,0
0.1923555198934035,0.08107626530432228,0.019921422182964537,0
0.4427455990145772,0.4489372195051675,0.2888129291314454,0
-0.15889101923221527,-0.1767182702277475,0.07709867352658953,0
0.6426468005770797,0.20754015646130375,0.35520767187555036,1
0.44223021144064,0.43545800399139534,0.2600082685049342,1
0.3189663632576898,0.09646517203422962,0.1504065348210593,1
-0.5636012569544527,-0.19752665376119566,-0.32717473836649624,0
0.18690330021832438,0.08165135987192158,0.0412368710465801,0
0.044584771123070605,-0.06284613154070877,-0.10797127099874644,1
-0.7547460906863115,-0.40601146931100374,-0.48142369602146495,1
0.4517916719580891,-0.002471283083661513,0.1023027515747856,1
0.0208259736497355,-0.11796535646314173,-0.04474504092355286,1
-0.5612920824510158,-0.17455054239167989,-0.5999548744995576,1
-0.1394984406047323,-0.14961379335118546,-0.27086162684166587,1
0.24659342865096603,0.14496451995216003,0.18065142847889426,0
0.34575998178052203,0.2813939615711604,0.23091556127215768,0
0.5724677556530484,0.25177288535083286,0.28463625334059783,1
0.13823231699110877,-0.08357513899936823,0.01416049005766134,1
0.3033400111765972,0.1428783360538799,0.32510680152085053,0
-0.21328854551092427,-0.1604431213601713,-0.13619983841272681,1
-0.35803280452570707,-0.18941067417018798,-0.31522080420649423,1
0.47835451505552595,0.31254913976799187,0.13009924907936865,1
0.6228751103158366,0.1735371499379912,0.285644416462526,1
0.3344352644143783,0.0251181631165988,-0.03984824861704586,1
-0.7503331121331303,-0.29961371108518237,-0.45521145485133757,1
0.4216636608251729,0.3887746675403517,0.20383918028323572,0
0.21294050695408864,-0.008361951052842528,0.11425668573478606,0
0.21665834585512,-0.045854901184404176,-0.01882084635969409,1
-0.02197255566336126,-0.10558732629689309,0.0500222925376676,0
0.39363977211851053,0.23873632488239033,0.6140175476047584,0
-0.4774391151077666,-0.25138993276222193,-0.26193218204744806,1
0.5084895853640793,0.49381526763262124,0.33129980355554617,0
0.14168502551308831,-0.1902019711323128,0.028850866977182327,0
0.22626294205505518,0.02362399591200233,0.11828933822250007,1
0.04364867364037706,-0.04528711711155407,-0.0716773986093413,0
0.3296625831045966,0.02003564410519891,0.03389168258682122,1
0.3805851417647502,0.33757269236411663,0.19519778209528332,0
0.2895413447652725,0.16689045297238259,0.19159719951696824,0
0.3196460350426178,0.03560656957438586,-0.014068077356320614,1
0.3614846448776925,0.3060121354015835,0.19490973548901955,0
-0.7477058349384629,-0.42735015511006463,-0.3055712428966121,1
-0.6093130019933342,-0.24040097929361143,-0.5162773353795415,1
0.2293739124379089,0.12857324316502455,0.0995663088152651,0
-0.024129985168645188,-0.09977967564497163,-0.018964869662827594,0
-0.7812058681084302,-0.43556154471407865,-0.4526190353949538,1
0.15674525412998072,-0.041554733146152364,0.05938380724128267,1
0.5014539304532369,0.19838219282458852,0.09870216899646891,1
0.4744739117872605,0.48352193396656507,0.2104642522273335,1
0.07325898103092339,-0.043800376557648055,-0.00600277238089581,1
0.35016420355918043,0.2761146865737032,0.12232199071020929,0
0.19393713551673913,0.09007070138476987,0.09510158641815543,0
0.4877832786859043,0.47113360890332734,0.168121401106363,0
-0.7515680290403168,-0.2768603531487586,-0.4537712218200138,1
0.48672250308052245,0.4794556768472385,0.19116512960757254,0
-0.07690885105174092,-0.13943407967253124,-0.22549428635490942,1
0.557101171008464,0.3644394914463777,0.3786834702861573,0
0.7456950787573813,0.3211630362411198,0.40359950172808956,0
-0.7910385513871455,-0.4429127029874785,-0.3590038883587917,1
0.28952263429675373,0.1989677575295889,0.18626833730106876,0
-0.4337023385136548,-0.18128224699949452,-0.2515625042219017,0
-0.1624586311340602,-0.14241918860856184,-0.21354035219491058,1
0.34701975424556963,0.1370777651412493,0.5301959851816086,0
0.11129341495210426,-0.08476048082484332,-0.10033803593272057,1
-0.12056643993567273,-0.1537730892973484,-0.02659810472885029,1
-0.038141840455777995,-0.1315735479874664,-0.1886243207529799,1
0.49679449935702125,0.04843026550002909,0.27354645899939517,1
-0.44654882087663306,-0.1868777790387815,-0.3093158487780607,1
-0.11905675727114745,-0.15416867825946207,-0.10840334090814215,0
0.16969094150070815,-0.06552814724618651,-0.05425057893030303,1
0.40331733799592795,0.0585314537442195,0.03792433507453041,1
-0.5126096606147718,-0.1703449271921313,-0.2590517159847957,0
-0.6207285671116597,-0.26409202247248287,-0.48271990574965845,1
0.4668525107108229,0.4549589796954119,0.2856444164625276,0
0.25969204171271276,0.07623967040010483,0.16236046898106138,0
0.4717336688096907,0.3383686676414746,0.1629365621935922,1
0.16951683882281326,0.04583931087425726,0.03432375249621851,0
0.011602836961209242,-0.08240285505451532,-0.05957944114620574,1
0.3299116883790234,0.0358719218237233,-0.007587028715354718,1
0.3794671593551614,-0.03278513977767003,0.1626485155873268,1
-0.18489128671933755,-0.1661651049222107,-0.14916193569465536,0
-0.11976861818647891,-0.16328957818554507,-0.07643016761271801,0
0.3186932487209803,-0.014380775742397309,0.030147076705374226,1
0.39104146582903,0.3410167348620119,0.27095403954300823,0
-0.6595027323946216,-0.17320692024766032,-0.39702604038578604,1
-0.19796419901797088,-0.18148625369460153,-0.19726571894092912,0
0.02065558328030216,-0.07621374133003493,0.032595472858629314,0
0.24594798144473837,0.1088328991031423,0.13441994817334485,0
-0.43676366742185757,-0.11609125686650239,-0.5996668278932923,1
-0.4158132312425282,-0.19770580578843566,-0.40998813766771464,1
-0.43784013740558725,-0.2658208925724144,-0.17220566419586172,1
-0.25305185495871163,-0.009046873595984911,-0.6820481572851133,1
-0.7003386700989778,-0.26030225773780846,-0.4027869725110893,1
0.40339319843767063,-0.04556292279432787,0.22457853593432525,1
0.5063539171750759,0.13969479733377582,0.1080636837000856,1
-0.5756568457289608,-0.3380622678563694,-0.3254464587289055,1
-0.17736668871320763,-0.18495285973388692,-0.17767854971489955,0
-0.7857575857092475,-0.4422596044785449,-0.39904236662964376,1
0.6200836473763554,0.48038946258420795,0.4283715098668882,1
0.42495393458743924,0.34013919779960994,0.2143528814119124,1
0.3940586111756801,0.07251793796674039,0.014880606573322453,1
0.10897296654155675,-0.006359119696127721,0.014160490057661346,0
0.4721945229446294,0.4828855418401974,0.23782867982251926,1
0.7538992398917027,0.3662647168583749,0.40359950172808945,1
0.22197603469224406,-0.09289062536339386,0.13499604138587565,0
0.5340331411792937,0.5171227492128412,0.4038875483343565,1
-0.39366268117162995,-0.05232599620425178,-0.4827199057496584,0
-0.12913965426976456,-0.13851919562471682,-0.1459934230257392,1
0.6854822421470596,0.5588435550164922,0.4658175686813534,1
0.25884066640229286,0.13119567911093538,-0.07830247055344068,1
-0.4156011346072591,-0.21778590428893935,-0.2515625042219017,0
0.508582090763067,0.25361437454165325,0.12808292283551084,1
0.11109949443727873,-0.006398635117347326,-0.0153642870845141,0
0.40615706358958903,0.19753810569807634,0.13182752871695785,1
-0.763376218754373,-0.3569256996637492,-0.39731408699204984,1
0.42152718630342834,0.35751720271968646,0.5615930652645053,0
0.22932458132843891,0.00878635988462613,0.13441994817334485,0
0.20651504007476593,-0.04939962214383452,-0.06692462960596943,1
0.04828884377730428,-0.042278359203881774,-0.040568365132708555,0
0.38244151039279006,0.0658529662546093,-0.03351122327921347,1
0.3144265214045785,0.06568440544366061,0.4122408999160466,0
0.49155651134470046,0.46580266114531715,0.3858846354427842,1
0.3680620088587686,0.21506079126228322,0.18482810426973856,1
-0.7679732354684639,-0.40891468728530433,-0.43216772635013123,1
0.6078902262703809,0.31689505313700334,0.3076799818418075,0
0.29456037461336065,0.044238152845312365,-0.0630360004213889,1
0.45283609772258315,0.363919962592928,0.5435901523729345,0
-0.7413909862341386,-0.33689809413970556,-0.5433537163684635,1
0.1508982454327741,0.02976691629103141,-0.05482667214283543,0
0.33110740100375524,0.22203900862684706,0.30868814496373875,0
0.3995689941517173,0.31868875055089296,0.5967347512288519,0
-0.39311199476891867,-0.1699076166006372,-0.24335317594334663,0
0.3993802765070349,0.2902452607190283,0.21809748729335937,1
0.4796919753348262,0.07820535729295178,0.13686834432659675,1
-0.06214622542330661,-0.1372635584986832,-0.1886243207529799,1
-0.02368606255428156,-0.10721612939234486,0.017473026029707843,0
-0.5845114679600276,-0.1815840633167537,-0.5999548744995576,1
0.4582279027084657,0.45548999332389156,0.2942858146504816,0
0.4614329119815418,0.4752317382358133,0.26188057144565374,1
0.10776809395282028,-0.012940683243630999,0.006527254991635459,0
-0.1726493961174808,-0.15426626638134183,-0.024725801788130785,1
-0.39827973764570546,-0.19522701750548982,-0.23571994087732073,0
0.4273606885138993,0.3925677840044259,0.3340362463150651,0
0.48240056726082536,0.3771696678063306,0.14018088029864964,1
0.026300394799964925,-0.06999960327756431,0.004510928747779264,0
-0.21455959049065973,-0.15608053979339503,-0.16313219609851526,1
0.2268497547795141,0.12577013472008364,0.10676747397189208,0
0.31433065483581235,0.2217626319112458,0.1856922440885332,0
-0.7855183314533642,-0.4452342487901603,-0.387520502379039,1
0.25541411987397544,0.15424677143206839,0.17244210020033918,0
0.17103854061020585,-0.06468237906269723,-0.08564765901320119,1
-0.5508829120025954,-0.2689337528513494,-0.4379286584754344,1
-0.7289489267490767,-0.3599792116911106,-0.4049473220580774,1
0.2100364857696901,0.07052905056945792,0.11425668573478606,0
0.3732317649406105,0.2744132174664456,0.5829085141281255,1
0.37337851623452967,0.32290660600362603,0.20095871422058656,0
0.4708873123966012,0.4363255339158743,0.1962059452172114,1
-0.7058199440400882,-0.37287393467070895,-0.3209817363317958,1
0.3070296123351936,0.07922307628629308,0.294861907863014,0
-0.5943862695767895,-0.24903939072161263,-0.5159892887732792,1
0.35440227677999214,0.2336774676979964,0.4846846213917219,0
0.3142194152791794,0.2206436277177503,0.1856922440885332,0
0.15012227208086887,0.04088008955861895,0.08804444456465874,0
-0.4289268084456128,-0.24603922333372724,-0.130438906287422,1
0.3469477722498542,0.2531069340746233,0.26980185311794824,0
0.4499101949647355,0.36175976816883976,0.21320069498684924,1
0.418894113062235,0.40439938660484404,0.2765709483651779,0
0.7937447498118491,0.46166127369976817,0.47201057071605385,0
0.04263631708997651,-0.05296390182766102,-0.037543875766925874,0
-0.3028948127331055,-0.23635771079397366,-0.2086435598884004,0
0.5164003387704128,0.42155972623383475,0.35635985830061195,0
0.44840767647839996,0.38418459483516104,0.39265373069001713,0
0.12120444575121855,0.014251445904856289,0.02308993485187914,0
0.20185977410721373,0.07825280650607087,0.11425668573478606,0
-0.6809753403938222,-0.19090053336141405,-0.26596483453516206,0
0.36806582548812494,-0.021958894856578856,0.11900945473816278,1
0.34647730121733167,0.21442098493441109,0.45011902863990744,0
-0.02082797203075913,-0.12724827785498904,-0.1952493926970777,1
0.5224379700349461,0.45308339677426973,0.25914412868613645,1
-0.2691289820396626,-0.22528468845410593,-0.2086435598884004,0
0.16565514344339966,-0.07359049353621923,-0.06173979069319542,1
-0.22825785561774511,0.022872041549373293,-0.722662728768493,1
0.6063084861279482,0.5298309336967381,0.40244731530302785,1
-0.743900915490244,-0.26522363337732613,-0.37340621867204726,1
0.4879139161315883,0.3595025935532687,0.11425668573478769,1
0.40014050220145625,0.3578437282352143,0.26922575990541586,0
0.2118996828738429,0.053187638498998865,0.11425668573478606,0
0.4914155087301707,0.4884715359944954,0.2522310101357764,0
-0.20422917362818763,-0.19149964447391626,-0.20979574631346037,0
0.33705389753602344,0.020533717479831945,0.021505678517420235,1
0.2664583431151828,0.12217110869731528,0.18050740517576397,0
0.5193945835009144,0.24550373627068195,0.12174589749767847,1
0.40162493370177144,0.23193972953282677,0.09697388935887812,1
-0.18003598600197482,-0.1750375160677104,-0.13375144225947172,0
0.15864611658992095,-0.15243945547880078,0.028850866977182327,0
-0.5940281263137858,-0.11692003966137075,-0.40566743857374005,1
-0.43215097101861755,-0.08605890824731384,-0.6961624409921036,1
0.5399944309332106,0.004116683375612995,0.2770030182745752,1
0.1937847479011432,0.08513182656464131,0.030003053402242325,0
-0.5378112916316862,-0.18628466784312392,-0.5780633324234097,1
-0.13519283237747998,-0.15233711435313574,-0.10897943412067135,0
0.28568560988098296,-0.0364515254078233,0.007103348204166265,1
0.09332271093231302,-0.09666421529377818,0.03590800883067742,1
-0.3703277455060039,-0.25169747093368583,-0.27921497842335447,0
0.4639864011334286,0.3679106502629812,0.249494567376256,1
-0.296600787553312,-0.19262979157046367,-0.20979574631346037,0
0.32982618109951267,0.2505602642770525,0.13960478708611562,0
0.3602098326867884,0.0476314538274666,0.07565844049525935,1
0.5129676824484265,0.2466987437222895,0.13758846084225945,1
0.33827921715415343,0.21336003830978184,0.3135849372702458,0
0.42934024412180327,0.4054515369998953,0.25482342959216026,0
-0.5273280108917712,-0.02628624053906843,-0.4187735591588021,1
0.35897484861639395,0.2853998579444402,0.15515930382443283,0
0.4445567578449857,0.3116943100480003,0.21406483480564545,1
-0.6527771319585025,-0.3614035908492326,-0.28022314154528255,1
-0.5359103174552262,0.02110041003378601,-0.699330953661018,1
0.0754646700150639,-0.019793377130589415,0.0030706957164538693,0
0.37922550868063654,0.16936711375052999,0.5993271706852373,0
-0.4065040988642059,-0.24973629899609556,-0.2674050675664843,0
0.540397339404992,0.00940122515204532,0.27354645899939517,1
0.3870720843426746,0.32548507222178613,0.2735464589993936,0
-0.2802867103280302,-0.003378997688559371,-0.722662728768493,1
0.4637884812598968,0.40322865280930104,0.270089899724212,0
-0.21344418522808992,-0.19353476026154598,-0.20979574631346037,0
-0.562109094973085,-0.1957107887068969,-0.32717473836649624,0
-0.1429445906233319,-0.1751779075703767,-0.03855203888885557,0
-0.6376651448477334,-0.35863264974333364,-0.27662255896696747,1
-0.5450707428607104,-0.16035325191570537,-0.28684821348938033,0
0.3330627794620341,0.14923849485077073,0.5129131888057021,0
0.42669132291051237,0.2966947027366739,0.20455929679889687,1
0.4907692499337699,0.4764068175029866,0.39755052299652094,0
0.44887339977228125,0.42548710491573233,0.3402292483497672,0
0.00707967932086051,-0.08492369357833855,-0.059579441146205725,1
0.5140425410429108,0.42720994298066345,0.37652312073916916,0
0.22596832268009417,0.10311720196809983,0.13441994817334485,0
0.01787883698819459,-0.07671190067248639,0.0045109287477792664,0
0.44143599691075497,0.432930084966428,0.2600082685049342,0
-0.6172144507826914,-0.34271803175117155,-0.3147887342970953,1
0.4450294725073769,0.3120434731279214,0.21406483480564545,1
0.46534682183262854,0.4659130745005478,0.2770030182745752,0
0.393715943126944,0.35653623797904666,0.19202926942636556,0
-0.6058783575874587,-0.02363393799629708,-0.36174033111830906,1
0.037352608327663496,-0.05911349991422425,-0.003698399530775823,0
-0.4378906876776759,-0.14641559766625184,-0.22995900875201752,0
-0.4952136148583418,-0.306485630712004,-0.22650244947683756,1
0.28162596276650326,0.11662877367786882,0.33634061916519153,0
-0.15461431482353102,-0.18127927757635448,-0.00888323844354661,0
-0.218081459002724,-0.17743330464170998,-0.1972657189409291,0
-0.12959132843688478,-0.15517530333079577,-0.10897943412067135,0
0.4652157180842087,0.4769909446582575,0.2929896049222881,0
-0.1400011929278014,-0.15623773715267264,-0.11330013321464916,0
0.5357073617026081,0.47556166280338985,0.3518951359035039,1
-0.7046490022241239,-0.3265012243440501,-0.5398971570932833,1
-0.07748927591613766,-0.13527818243347106,-0.044745040923552845,0
0.38835320204846524,0.21518410698360463,0.6206426195488561,0
0.04345230834085339,-0.10132869698901846,-0.07095728209367862,1
0.30948731277417907,0.22023504860798826,0.1856922440885332,0
-0.7266492513822382,-0.40807023596467684,-0.38305577998192775,1
-0.36684222899827945,-0.22408784376841306,-0.2515625042219017,0
-0.034435758458108895,-0.1306808691107646,-0.1886243207529799,1
-0.3683650418533445,-0.23557726751940694,-0.19798583545659015,1
0.30758852957332944,0.13234364731788006,0.32510680152085053,0
-0.392579915223646,-0.19913841712412206,-0.3091718254749272,1
0.4644124744667817,0.476668532051055,0.25755987235167754,0
0.3125675285384847,0.2202735163132602,0.1856922440885332,0
0.31501290318918196,0.010739488985642517,-0.02342959205993409,1
0.3547820756222524,0.27990276108120343,0.15515930382443283,0
0.4263345944445315,0.42178050646350557,0.30580767890108634,1
0.5273442266323298,0.29541479007853605,0.2669213870552958,1
0.2728870470321585,0.17886804552628383,0.14997446491166205,0
0.7557927913057206,0.5862457058983455,0.6055201727199329,0
-0.12047489287312096,-0.14679926956019607,-0.10897943412067135,0
0.3728663622397026,0.13543257571644368,0.026258447520795335,1
0.26798241033327785,0.17352095416740537,0.1483902085772015,0
0.019363694348855535,-0.07412235530353388,-0.09587331353560927,1
0.1742321178018486,-0.053016216434880234,0.12030566446635146,0
